availability,bookmark,company,ep,id,last_modified,link,title,type
True,False,Coinhako,True,73877,"Fri, 03 Nov 2023 17:06:52 GMT",https://boards.greenhouse.io/coinhako/jobs/4332862005,"Frontend Engineering Intern, Trading Experience (Jan-Jun 2024)",INTERN
True,False,Coinhako,True,72844,"Fri, 03 Nov 2023 17:06:51 GMT",https://boards.greenhouse.io/coinhako/jobs/4332865005,"Backend Engineering Intern, Trading Desk Engineering (Jan-Jun 2024)",INTERN
True,False,Tencent,True,72634,"Fri, 03 Nov 2023 17:17:20 GMT",https://tencent.wd1.myworkdayjobs.com/Tencent_Careers/job/Singapore-CapitalSpring/Quality-Assurance-Engineer-Intern_R102209-1,Quality Assurance Engineer Intern 102209,INTERN
True,False,SAP,True,72260,"Fri, 03 Nov 2023 17:14:31 GMT",https://jobs.sap.com/job/Singapore-SAP-Intern-AI-Engineer-117440/1001015801/,SAP Intern - AI Engineer,INTERN
True,False,Tencent,True,71600,"Fri, 03 Nov 2023 17:17:20 GMT",https://tencent.wd1.myworkdayjobs.com/Tencent_Careers/job/Singapore-CapitalSpring/Research-Intern_R102193,Research Intern 102193,INTERN
True,False,Tencent,True,69891,"Fri, 03 Nov 2023 17:17:20 GMT",https://tencent.wd1.myworkdayjobs.com/Tencent_Careers/job/Singapore-WeWork/WeChat-Tech-Intern_R102195,WeChat Tech Intern 102195,INTERN
True,False,ByteDance,True,69747,"Fri, 03 Nov 2023 17:05:39 GMT",https://jobs.bytedance.com/en/position/7259350016321554744/detail,NLP Engineer Intern - 2024 Start,INTERN
True,False,Virtu Financial,True,68629,"Fri, 03 Nov 2023 17:22:34 GMT",https://boards.greenhouse.io/virtu/jobs/5208637002,Summer Internship - Quantitative Trading (2024),INTERN
True,False,Coinhako,True,68387,"Thu, 26 Oct 2023 17:05:53 GMT",https://boards.greenhouse.io/coinhako/jobs/4194990005,"Frontend Engineer Intern, Retail Trading",INTERN
True,False,Coinhako,True,68386,"Thu, 26 Oct 2023 17:05:52 GMT",https://boards.greenhouse.io/coinhako/jobs/4187800005,"Frontend Engineer Intern, Retail Trading",INTERN
True,False,Amazon,True,68350,"Fri, 03 Nov 2023 17:02:31 GMT",https://www.amazon.jobs/en/jobs/2479554/procurement-analyst-intern,Procurement Analyst Intern,INTERN
True,False,IBM,True,62708,"Wed, 18 Oct 2023 06:49:05 GMT",https://careers.ibm.com/job/19301837/internship-technical-analyst-process-re-engineering-digitization-singapore-sg/?codes=WEB_SEARCH_EMEA,Internship: Technical Analyst (Process Re-Engineering & Digitization),INTERN
True,False,TikTok,True,62492,"Fri, 03 Nov 2023 17:20:55 GMT",https://careers.tiktok.com/position/7287804220420884773/detail,Backend Software Engineer (Core Services) Intern - Server Architecture - 2024,INTERN
True,False,Virtu Financial,True,59610,"Fri, 03 Nov 2023 17:22:34 GMT",https://boards.greenhouse.io/virtu/jobs/5513756002,Summer Internship – Proprietary Trading Software Developer (2024),INTERN
True,False,ByteDance,True,59335,"Fri, 03 Nov 2023 17:05:38 GMT",https://jobs.bytedance.com/en/position/7288524288830212411/detail,Software Engineer Intern (Security) - 2024,INTERN
True,False,UBS,True,58489,"Tue, 31 Oct 2023 17:19:08 GMT",https://jobs.ubs.com/TGnewUI/Search/home/HomeWithPreLoad?partnerid=25008&siteid=5131&PageType=JobDetails&jobid=282897,"Internship 2024, Group Operations & Technology Office, Singapore",INTERN
True,False,Tencent,True,57641,"Fri, 13 Oct 2023 05:11:43 GMT",https://tencent.wd1.myworkdayjobs.com/Tencent_Careers/job/Singapore-CapitalSpring/IT-Operations-Intern_R101959,IT Operations Intern 101959,INTERN
True,False,IBM,True,56024,"Fri, 03 Nov 2023 17:09:52 GMT",https://careers.ibm.com/job/19250684/internship-full-stack-developer-jan-jun-2024-singapore-sg/?codes=WEB_SEARCH_EMEA,Internship - Full Stack Developer (Jan-Jun 2024),INTERN
True,False,IBM,True,56023,"Fri, 03 Nov 2023 17:09:52 GMT",https://careers.ibm.com/job/19250685/internship-devops-engineer-jan-jun-2024-singapore-sg/?codes=WEB_SEARCH_EMEA,Internship - DevOps Engineer (Jan-Jun 2024),INTERN
True,False,Accenture,True,55899,"Fri, 03 Nov 2023 17:01:53 GMT",https://www.accenture.com/sg-en/careers/jobdetails?id=R00179462_en&title=Accenture%20Summer%20Internship%20Program%20%E2%80%93%20Technology%20(May%20to%20Aug%202024),Accenture Summer Internship Program – Technology (May to Aug 2024),INTERN
True,False,Virtu Financial,True,55093,"Fri, 03 Nov 2023 17:22:35 GMT",https://boards.greenhouse.io/virtu/jobs/6426915002,Women's Winternship Singapore 2024,INTERN
True,False,Virtu Financial,True,55092,"Fri, 03 Nov 2023 17:22:34 GMT",https://boards.greenhouse.io/virtu/jobs/6329460002,Summer Internship – Core Operations Engineer (2024),INTERN
True,False,Univers,True,55091,"Thu, 19 Oct 2023 07:36:03 GMT",https://envisiondigital.freshteam.com/jobs/42EavzqDAk1v/software-engineer-backend-intern-2024,Software Engineer (Backend) Intern (2024),INTERN
True,False,Univers,True,55090,"Thu, 19 Oct 2023 07:36:03 GMT",https://envisiondigital.freshteam.com/jobs/Ip_meO_cGdxl/software-engineer-frontend-intern-2024,Software Engineer (Frontend) Intern (2024),INTERN
True,False,TikTok,True,54274,"Fri, 03 Nov 2023 17:21:03 GMT",https://careers.tiktok.com/position/7187722577686546745/detail,NLP Engineer Intern - 2023,INTERN
True,False,TikTok,True,54273,"Fri, 03 Nov 2023 17:21:02 GMT",https://careers.tiktok.com/position/7185362568037681445/detail,Algorithm Engineer Intern (TikTok e-Commerce ) - 2023,INTERN
True,False,TikTok,True,54272,"Fri, 03 Nov 2023 17:21:03 GMT",https://careers.tiktok.com/position/7132808542919166216/detail,Research Intern (Computer Vision) - 2023,INTERN
True,False,TikTok,True,54271,"Fri, 03 Nov 2023 17:21:03 GMT",https://careers.tiktok.com/position/7132809534888446239/detail,Research Scientist Intern (Frontier Research) - 2023,INTERN
True,False,TikTok,True,54270,"Fri, 03 Nov 2023 17:21:02 GMT",https://careers.tiktok.com/position/7132808909572557063/detail,Backend Engineer Intern (Trust & Safety Platform) - 2023,INTERN
True,False,TikTok,True,54268,"Fri, 03 Nov 2023 17:21:02 GMT",https://careers.tiktok.com/position/7132809801511307556/detail,Algorithm Engineer Intern (Platform Governance) - 2023,INTERN
True,False,TikTok,True,54267,"Fri, 03 Nov 2023 17:21:01 GMT",https://careers.tiktok.com/position/7236285956725180729/detail,Backend Engineer Intern (Engineering Productivity) - 2023,INTERN
True,False,TikTok,True,54266,"Fri, 03 Nov 2023 17:21:02 GMT",https://careers.tiktok.com/position/7212439681048283429/detail,Machine Learning Engineer Intern (Trust & Safety) - 2023 Start,INTERN
True,False,TikTok,True,54265,"Fri, 03 Nov 2023 17:20:57 GMT",https://careers.tiktok.com/position/7259973391288895781/detail,"Backend Engineer Intern, TikTok Applied Machine Learning - 2024",INTERN
True,False,TikTok,True,54264,"Fri, 03 Nov 2023 17:20:57 GMT",https://careers.tiktok.com/position/7259675844242770237/detail,"Frontend Engineer Intern, Global E-commerce (Governance and Experience) - 2024 Start",INTERN
True,False,TikTok,True,54263,"Fri, 03 Nov 2023 17:20:55 GMT",https://careers.tiktok.com/position/7259677397035796791/detail,"Backend Engineer Intern, Global E-commerce (Commercial Platform) - 2024 Start",INTERN
True,False,TikTok,True,54262,"Fri, 03 Nov 2023 17:20:56 GMT",https://careers.tiktok.com/position/7259295657779956027/detail,"Machine Learning Engineer Intern (Recommendation), TikTok e-Commerce - 2024",INTERN
True,False,TikTok,True,54261,"Fri, 03 Nov 2023 17:20:57 GMT",https://careers.tiktok.com/position/7259677115242285370/detail,"Machine Learning Intern, Global E-commerce (Commercial Platform) - 2024 Start",INTERN
True,False,TikTok,True,54260,"Fri, 03 Nov 2023 17:20:56 GMT",https://careers.tiktok.com/position/7262251542522136869/detail,"Backend Software Engineer Intern, Business Integrity - 2024 Start",INTERN
True,False,TikTok,True,54259,"Fri, 03 Nov 2023 17:20:57 GMT",https://careers.tiktok.com/position/7259408836284582201/detail,Backend Engineer Intern (Live Streaming) - 2024 Start,INTERN
True,False,TikTok,True,54258,"Fri, 03 Nov 2023 17:20:56 GMT",https://careers.tiktok.com/position/7262250555790461241/detail,Solutions Engineer Intern - 2024 Start,INTERN
True,False,TikTok,True,54257,"Fri, 03 Nov 2023 17:20:55 GMT",https://careers.tiktok.com/position/7259296121896765753/detail,"Machine Learning Engineer Intern (Recommendation), TikTok e-Commerce Alliance - 2024",INTERN
True,False,TikTok,True,54256,"Fri, 03 Nov 2023 17:20:56 GMT",https://careers.tiktok.com/position/7259406803241666875/detail,Backend Engineer Intern (Video Infrastructure) - 2024 Start,INTERN
True,False,TikTok,True,54255,"Fri, 03 Nov 2023 17:20:55 GMT",https://careers.tiktok.com/position/7280419252783253817/detail,Machine Learning Engineer Intern (Recommendation System)- 2024 Start,INTERN
True,False,TikTok,True,54254,"Fri, 03 Nov 2023 17:21:01 GMT",https://careers.tiktok.com/position/7276369408460097848/detail,C++ Developer Intern (Data Platform) - 2024 Start,INTERN
True,False,TikTok,True,54253,"Wed, 25 Oct 2023 02:31:28 GMT",https://careers.tiktok.com/position/7259309041368303909/detail,NLP Engineer Intern - 2024 Start,INTERN
True,False,TikTok,True,54252,"Fri, 03 Nov 2023 17:20:59 GMT",https://careers.tiktok.com/position/7261846880887130427/detail,"Software Engineer Intern, Global CRM Engineering - 2024 Start",INTERN
True,False,TikTok,True,54251,"Thu, 26 Oct 2023 03:19:30 GMT",https://careers.tiktok.com/position/7259350016321554744/detail,NLP Engineer Intern - 2024 Start,INTERN
True,False,TikTok,True,54250,"Fri, 03 Nov 2023 17:20:54 GMT",https://careers.tiktok.com/position/7259349933433391419/detail,NLP Engineer Intern - 2024 Start,INTERN
True,False,TikTok,True,54248,"Fri, 03 Nov 2023 17:21:00 GMT",https://careers.tiktok.com/position/7267469283747711290/detail,Software Development Test Engineer Intern (Trust & Safety Platform) - 2024,INTERN
True,False,TikTok,True,54246,"Fri, 03 Nov 2023 17:21:00 GMT",https://careers.tiktok.com/position/7270555113998108965/detail,"Backend Engineer Intern, Stream Computing - 2024",INTERN
True,False,TikTok,True,54245,"Fri, 03 Nov 2023 17:21:00 GMT",https://careers.tiktok.com/position/7259295591795132730/detail,"Algorithm Engineer Intern, TikTok eCommerce (Intelligent Customer Service) - 2024 Start",INTERN
True,False,TikTok,True,54244,"Fri, 03 Nov 2023 17:21:01 GMT",https://careers.tiktok.com/position/7259235351117531429/detail,Algorithm Engineer Intern (TikTok Search) - 2024 Start,INTERN
True,False,TikTok,True,54243,"Fri, 03 Nov 2023 17:21:01 GMT",https://careers.tiktok.com/position/7270552118628780347/detail,Backend Engineer Intern (Cloud Infrastructure) - 2024,INTERN
True,False,TikTok,True,54242,"Fri, 03 Nov 2023 17:20:59 GMT",https://careers.tiktok.com/position/7265865535790811452/detail,Frontend Engineer Intern (Trust & Safety Platform) - 2024 Start,INTERN
True,False,TikTok,True,54241,"Fri, 03 Nov 2023 17:20:58 GMT",https://careers.tiktok.com/position/7259938326202272059/detail,"Backend Engineer Intern (Machine Learning Infrastructure), AML - 2024",INTERN
True,False,TikTok,True,54240,"Fri, 03 Nov 2023 17:20:58 GMT",https://careers.tiktok.com/position/7260872620689770813/detail,"Backend Engineer Intern (Machine Learning Systems), Inference Service - 2024",INTERN
True,False,TikTok,True,54239,"Fri, 03 Nov 2023 17:20:57 GMT",https://careers.tiktok.com/position/7259296124472723772/detail,Algorithm Engineer Intern (AML-Engine-Dedup) - 2024,INTERN
True,False,TikTok,True,54238,"Fri, 03 Nov 2023 17:20:59 GMT",https://careers.tiktok.com/position/7261802169945983269/detail,"Backend Engineer Intern (Machine Learning Systems), Architecture - 2024",INTERN
True,False,TikTok,True,54237,"Fri, 03 Nov 2023 17:20:54 GMT",https://careers.tiktok.com/position/7261921028938090811/detail,Research Scientist Intern in ML Training Systems - 2024,INTERN
True,False,TikTok,True,54236,"Fri, 03 Nov 2023 17:20:59 GMT",https://careers.tiktok.com/position/7265868268643404090/detail,Backend Engineer Intern (Trust & Safety Platform) - 2024 Start,INTERN
True,False,TikTok,True,54235,"Fri, 03 Nov 2023 17:21:00 GMT",https://careers.tiktok.com/position/7259297655955278139/detail,"Algorithm Engineer Intern, TikTok eCommerce (Knowledge Graph) - 2024 Start",INTERN
True,False,TikTok,True,54234,"Fri, 03 Nov 2023 17:20:58 GMT",https://careers.tiktok.com/position/7259295694719207738/detail,"Deep Learning Engineer Intern, TikTok e-Commerce - 2024",INTERN
True,False,TikTok,True,54233,"Fri, 03 Nov 2023 17:20:58 GMT",https://careers.tiktok.com/position/7259676966516607288/detail,"Frontend Engineer Intern, Global E-commerce (Commercial Platform) - 2024 Start",INTERN
True,False,Tencent,True,54226,"Fri, 03 Nov 2023 17:17:21 GMT",https://tencent.wd1.myworkdayjobs.com/Tencent_Careers/job/Singapore-WeWork/WeChat-Tech-Intern_R101071,WeChat Tech Intern 101071,INTERN
True,False,Tencent,True,54225,"Fri, 03 Nov 2023 17:17:21 GMT",https://tencent.wd1.myworkdayjobs.com/Tencent_Careers/job/Singapore-WeWork/WeChat-Tech-Intern_R101598,WeChat Tech Intern 101598,INTERN
True,False,Squarepoint Capital,True,54213,"Fri, 03 Nov 2023 17:16:10 GMT",https://www.squarepoint-capital.com/job#5342482,INTERN SOFTWARE DEVELOPER - SUMMER 2024,INTERN
True,False,Amazon,True,51720,"Fri, 03 Nov 2023 17:02:31 GMT",https://www.amazon.jobs/en/jobs/2459114/brand-specialist-intern-singapore-retail,"Brand Specialist Intern, Singapore Retail",INTERN
True,False,Google,True,49170,"Fri, 13 Oct 2023 17:07:32 GMT",https://www.google.com/about/careers/applications/jobs/results/119291037211337414-student-training-in-engineering-program-step-intern-2024?q=software+engineer&location=singapore&target_level=INTERN_AND_APPRENTICE,"Student Training in Engineering Program (STEP) Intern, 2024",INTERN
True,False,Centre for Strategic Infocomm Technologies,True,46603,"Fri, 03 Nov 2023 17:01:23 GMT",https://jobs.lever.co/csit/5c3c4d5a-6355-4474-87d4-b780e5f88265,Cybersecurity Researcher Intern,INTERN
True,False,Alpha Lab Capital,True,42079,"Fri, 03 Nov 2023 17:02:19 GMT",https://www.alphalab.capital/career/4980274004?gh_jid=4980274004,VC & Investments Intern 2024,INTERN
True,False,Jane Street,True,40285,"Fri, 03 Nov 2023 17:10:48 GMT",https://www.janestreet.com/join-jane-street/position/6939151002/,IT Operations Engineer (New York),INTERN
False,False,Google,True,39452,"Wed, 27 Sep 2023 17:07:37 GMT",https://www.google.com/about/careers/applications/jobs/results/117124202588185286-software-engineering-intern-2024?q=software+engineer&location=singapore&target_level=INTERN_AND_APPRENTICE,"Software Engineering Intern, 2024",INTERN
True,False,PayPal,True,38623,"Fri, 03 Nov 2023 17:06:57 GMT",https://paypal.eightfold.ai/careers/job/274895809542,Java Development Intern,INTERN
True,False,Dell,True,38622,"Fri, 03 Nov 2023 17:06:57 GMT",https://jobs.dell.com/job/singapore/software-engineer-intern-sg-edge-2024-intake/375/53328451232,Software Engineer Intern (SG-Edge) (2024 Intake),INTERN
True,False,Dell,True,38621,"Fri, 03 Nov 2023 17:06:56 GMT",https://jobs.dell.com/job/singapore/cloud-native-architect-and-developer-intern-4-to-6-months-2024-intake/375/53058795312,Cloud Native Architect and Developer Intern (4 to 6 months) (2024 Intake),INTERN
True,False,Dell,True,38620,"Fri, 03 Nov 2023 17:06:56 GMT",https://jobs.dell.com/job/singapore/software-engineer-intern-sg-edge-2024-intake/375/53127945744,Software Engineer Intern (SG-Edge) (2024 Intake),INTERN
True,False,Ahrefs,True,38556,"Fri, 03 Nov 2023 17:02:06 GMT",https://ahrefs.com/jobs/call-for-internship-backend,Call for internship (Backend),INTERN
True,False,Visa,True,38106,"Mon, 16 Oct 2023 17:55:49 GMT",https://jobs.smartrecruiters.com/Visa/743999926117883-cybersecurity-internship?trid=623f64f4-c657-499b-989f-16ab0ccee0d9,Cybersecurity Internship,INTERN
True,False,Jane Street,True,36326,"Fri, 03 Nov 2023 17:10:50 GMT",https://www.janestreet.com/join-jane-street/position/6934661002/,Windows Engineer (London),INTERN
True,False,Carousell,True,36232,"Fri, 03 Nov 2023 17:05:57 GMT",https://careers.carousell.com/job-posting/?jid=743999930632912,Software Engineering (Backend) Intern - 2024,INTERN
True,False,Jane Street,True,35546,"Fri, 03 Nov 2023 17:10:48 GMT",https://www.janestreet.com/join-jane-street/position/6867005002/,IT Operations Engineer (London),INTERN
True,False,Jane Street,True,35545,"Fri, 03 Nov 2023 17:10:47 GMT",https://www.janestreet.com/join-jane-street/position/6866995002/,IT Operations Engineer (London),INTERN
False,False,Binance,True,35455,"Thu, 05 Oct 2023 17:04:51 GMT",https://www.binance.com/en/careers/job?id=46e2e9ff-6d2e-4875-a62b-6d76f8275f58,Binance Accelerator Programme - Java Developer,INTERN
True,False,Accenture,True,35412,"Fri, 03 Nov 2023 17:01:52 GMT",https://www.accenture.com/sg-en/careers/jobdetails?id=R00152092_en&title=Accenture%20Internship%20Program%20%E2%80%93%20Technology%20(Aug%20to%20Dec%202023),Accenture Internship Program – Technology (Aug to Dec 2023),INTERN
True,False,Synapxe,True,32623,"Fri, 03 Nov 2023 17:16:44 GMT",https://careers-public-healthtech-jobs.synapxe.sg/job/Uni-Internship-Jan-to-Jun-2024-Software-Engineer/18195844/,Uni Internship Jan to Jun 2024 - Software Engineer,INTERN
True,False,Defence Science & Technology Agency,True,32496,"Fri, 03 Nov 2023 17:07:22 GMT",https://www.dsta.gov.sg/join-us/student/internships,Software Engineer Intern,INTERN
True,False,Inland Revenue Authority of Singapore,True,32485,"Fri, 03 Nov 2023 17:06:56 GMT",https://www.careers.hrp.gov.sg/sap/bc/ui5_ui5/sap/ZGERCFA004/index.html#/JobDescription/12104401/2d8130da-4acd-1ede-90de-743cf160d26b,IMPACT Internship Programme - Infocomm Applications Intern,INTERN
True,False,Inland Revenue Authority of Singapore,True,32484,"Fri, 03 Nov 2023 17:06:55 GMT",https://www.careers.hrp.gov.sg/sap/bc/ui5_ui5/sap/ZGERCFA004/index.html#/JobDescription/11723249/2d8130da-4acd-1ede-90de-6f20e23e526b,IMPACT Internship Programme - Microservice Developer Intern,INTERN
True,False,Cyber Security Agency of Singapore,True,32483,"Fri, 03 Nov 2023 17:06:55 GMT",https://www.careers.hrp.gov.sg/sap/bc/ui5_ui5/sap/ZGERCFA004/index.html#/JobDescription/13829867/4113c3a0-3aab-1eee-9080-5d9aed43e0b2,"Intern, Gamification of Cyber Exercise (Joint-Operations Readiness)",INTERN
True,False,Cyber Security Agency of Singapore,True,32482,"Fri, 03 Nov 2023 17:06:55 GMT",https://www.careers.hrp.gov.sg/sap/bc/ui5_ui5/sap/ZGERCFA004/index.html#/JobDescription/13881871/2d8130da-4acd-1ede-93ab-f58db392d26b,"Intern, Mobile Apps and Grading System (Cybersecurity Programme Centre)",INTERN
True,False,Cyber Security Agency of Singapore,True,32481,"Fri, 03 Nov 2023 17:06:54 GMT",https://www.careers.hrp.gov.sg/sap/bc/ui5_ui5/sap/ZGERCFA004/index.html#/JobDescription/12848735/4113c3a0-3aab-1eee-8fff-422aa78fe0b2,"Intern, Standards & Technology (Cybersecurity Engineering Centre)",INTERN
True,False,Government Technology Agency,True,32480,"Fri, 03 Nov 2023 17:06:54 GMT",https://sggovterp.wd102.myworkdayjobs.com/PublicServiceCareers/job/Government-Technology-Agency/GovTech-2024-Internships_JR-10000019866,GovTech 2024 Internships,INTERN
True,False,Centre for Strategic Infocomm Technologies,True,31019,"Fri, 03 Nov 2023 17:01:26 GMT",https://jobs.lever.co/csit/a8fc3c5f-ef4e-4749-a88d-ac50d3476a09,Software Engineer Intern (Product Development),INTERN
True,False,Centre for Strategic Infocomm Technologies,True,31018,"Fri, 03 Nov 2023 17:01:25 GMT",https://jobs.lever.co/csit/2b5aacac-69ac-4984-8d7f-f716dde8299e,Software Engineer Intern (IT Applications),INTERN
True,False,Centre for Strategic Infocomm Technologies,True,31017,"Fri, 03 Nov 2023 17:01:25 GMT",https://jobs.lever.co/csit/032f5de4-ff14-46e9-873b-5ef5f03e4ccb,Data Engineer Intern,INTERN
True,False,Centre for Strategic Infocomm Technologies,True,31016,"Fri, 03 Nov 2023 17:01:25 GMT",https://jobs.lever.co/csit/246cdb87-61d1-4c64-ac9b-c64961b5b7a1,Vulnerability Research on Mobile Devices (Project),INTERN
True,False,Centre for Strategic Infocomm Technologies,True,31015,"Fri, 03 Nov 2023 17:01:25 GMT",https://jobs.lever.co/csit/771bcad6-0e8e-4030-bc63-4ab70ae9f089,Study of Authentication and Network Protocols of Instant Messengers on Mobile Devices (Internship Project),INTERN
True,False,Centre for Strategic Infocomm Technologies,True,31014,"Fri, 03 Nov 2023 17:01:24 GMT",https://jobs.lever.co/csit/8ab60b45-c26d-405d-8350-5b41be1d461b,Study in Security of Cloud Services and Software (Internship Project),INTERN
True,False,Centre for Strategic Infocomm Technologies,True,31013,"Fri, 03 Nov 2023 17:01:24 GMT",https://jobs.lever.co/csit/3ff96bf1-2077-44cd-8c3c-09825a136743,Study in Security of Cloud Computing Platforms (Internship Project),INTERN
True,False,Centre for Strategic Infocomm Technologies,True,31012,"Fri, 03 Nov 2023 17:01:24 GMT",https://jobs.lever.co/csit/245137f4-b323-4de2-845c-5389bca5fc82,Security Assessment Tools for Mobile Devices (Internship Project),INTERN
True,False,Centre for Strategic Infocomm Technologies,True,31011,"Fri, 03 Nov 2023 17:01:24 GMT",https://jobs.lever.co/csit/223fc5a2-b2f8-489d-8db6-41df6e5a5b10,Cybersecurity Software Researcher Intern,INTERN
True,False,Centre for Strategic Infocomm Technologies,True,31010,"Fri, 03 Nov 2023 17:01:23 GMT",https://jobs.lever.co/csit/7bef81a2-632d-4db6-8b65-3fe0831d81cd,Anti-Malware Research on Mobile Devices (Internship Project),INTERN
True,False,Centre for Strategic Infocomm Technologies,True,31009,"Fri, 03 Nov 2023 17:01:23 GMT",https://jobs.lever.co/csit/7c0dfd97-7185-4adc-bf83-ecc09971c7ce,Workplace Technologies Engineer Intern,INTERN
True,False,Centre for Strategic Infocomm Technologies,True,31008,"Fri, 03 Nov 2023 17:01:23 GMT",https://jobs.lever.co/csit/79a39ab4-1c50-4593-acba-627510a01b42,Network Engineer Intern,INTERN
True,False,Centre for Strategic Infocomm Technologies,True,31007,"Fri, 03 Nov 2023 17:01:22 GMT",https://jobs.lever.co/csit/4dc432c8-3cd8-4006-ac52-a43c802a462d,Mobile Platform Engineer Intern,INTERN
True,False,Centre for Strategic Infocomm Technologies,True,31006,"Fri, 03 Nov 2023 17:01:22 GMT",https://jobs.lever.co/csit/d951f2e3-e5af-4f5e-9d5a-9bb0866fcc65,Infra System Service Engineer Intern,INTERN
True,False,Centre for Strategic Infocomm Technologies,True,31005,"Fri, 03 Nov 2023 17:01:22 GMT",https://jobs.lever.co/csit/1b34d034-4e4f-4bc7-917b-a9f030e51bf0,Cloud Computing Engineer Intern,INTERN
True,False,Centre for Strategic Infocomm Technologies,True,31004,"Fri, 03 Nov 2023 17:01:22 GMT",https://jobs.lever.co/csit/e89dec46-a39e-4ce2-a9bd-7d8e847605bc,Cloud and Systems Engineer Intern,INTERN
True,False,Centre for Strategic Infocomm Technologies,True,31003,"Fri, 03 Nov 2023 17:01:21 GMT",https://jobs.lever.co/csit/79176dda-b3f6-4729-ae93-6c4d614d3cf6,Automation and Customisation on Android (Internship Project),INTERN
True,False,Anacle,True,30631,"Fri, 03 Nov 2023 17:02:43 GMT",https://www.anacle.com/jobs/internship/,Software Engineer Intern,INTERN
True,False,NCS,True,30453,"Fri, 03 Nov 2023 17:12:39 GMT",https://groupcareers.singtel.com/job/Software-Engineering-Internship-Sing/942568110/,Software Engineering Internship,INTERN
True,False,NCS,True,30452,"Fri, 03 Nov 2023 17:12:39 GMT",https://groupcareers.singtel.com/job/System-Engineering-Internship-Sing/942568010/,System Engineering Internship,INTERN
True,False,NCS,True,30451,"Fri, 03 Nov 2023 17:12:39 GMT",https://groupcareers.singtel.com/job/Cyber-Security-Internship-Sing/942567910/,Cyber Security Internship,INTERN
True,False,NCS,True,30450,"Fri, 03 Nov 2023 17:12:39 GMT",https://groupcareers.singtel.com/job/Infrastructure-Engineer-Internship-Sing/942567710/,Infrastructure Engineer Internship,INTERN
True,False,Millennium,True,30447,"Tue, 17 Oct 2023 17:11:19 GMT",https://mlp.wd5.myworkdayjobs.com/en-US/mlpcareers/job/Singapore/Quantitative-Research-Trading-Intern_REQ-18818-1?locations=8ba8b1a4c86d104f041851dd26367b90&workerSubType=f47f72232874104db1781d97fe9e31f3&utm_source=&utm_medium=&utm_term=1534c96c-0a60-4737-9cb0-d1a267a0266f&utm_content=&utm_campaign=,Quantitative Research Trading Intern,INTERN
True,False,Jump Trading,True,30445,"Mon, 23 Oct 2023 05:00:34 GMT",https://www.jumptrading.com/careers/5305068/,Campus Tech Ops Engineer (Intern),INTERN
True,False,Jump Trading,True,30444,"Wed, 25 Oct 2023 02:24:08 GMT",https://www.jumptrading.com/careers/5305049/,Campus Software Engineer (Intern),INTERN
True,False,Jump Trading,True,30443,"Fri, 03 Nov 2023 17:11:15 GMT",https://www.jumptrading.com/careers/5316606/,Campus Quantitative Trader (Intern),INTERN
True,False,Jump Trading,True,30442,"Fri, 03 Nov 2023 17:11:14 GMT",https://www.jumptrading.com/careers/5316594/,Campus Quantitative Researcher (Intern),INTERN
True,False,Jump Trading,True,30441,"Fri, 03 Nov 2023 17:11:14 GMT",https://www.jumptrading.com/careers/5316627/,Campus M1/M2 Quantitative Researcher (Intern),INTERN
True,False,Jump Trading,True,30440,"Fri, 03 Nov 2023 17:11:14 GMT",https://www.jumptrading.com/careers/5305081/,Campus FPGA Engineer (Intern),INTERN
True,False,Jump Trading,True,30439,"Mon, 23 Oct 2023 05:00:33 GMT",https://www.jumptrading.com/careers/5305086/,Campus Data Engineer (intern),INTERN
False,False,Dyson,True,30355,"Thu, 28 Sep 2023 02:23:18 GMT",https://careers.dyson.com/en-gb/job-description/software-engineering-intern-singapore/JR19772,Software Engineering Intern - Singapore,INTERN
True,False,Morgan Stanley,True,30349,"Fri, 03 Nov 2023 17:06:54 GMT",https://morganstanley.tal.net/vx/candidate/apply/16140,2024 Technology Summer Analyst / Industrial Placement Program (Singapore),INTERN
True,False,Bank of Singapore,True,30348,"Fri, 03 Nov 2023 17:06:54 GMT",https://www.bankofsingapore.com/graduate.html,Internship Programme,INTERN
True,False,GIC,True,30347,"Fri, 03 Nov 2023 17:06:53 GMT",https://gic.careers/programmes/gic-internship-programme/,GIC Internship Programme,INTERN
True,False,Coinhako,True,30345,"Thu, 26 Oct 2023 17:05:53 GMT",https://boards.greenhouse.io/coinhako/jobs/4253406005,"Software Engineering Intern, Trading Experience",INTERN
True,False,Visa,True,30290,"Fri, 03 Nov 2023 17:23:04 GMT",https://jobs.smartrecruiters.com/Visa/743999920843366-technology-summer-internship-may-24-aug-24-?trid=623f64f4-c657-499b-989f-16ab0ccee0d9,Technology Summer Internship (May 24 - Aug 24),INTERN
True,False,Jane Street,True,29513,"Fri, 03 Nov 2023 17:10:48 GMT",https://www.janestreet.com/join-jane-street/position/6923977002/,IT Operations Engineer (New York),INTERN
True,False,Citadel,True,29437,"Fri, 03 Nov 2023 17:06:16 GMT",https://www.citadel.com/careers/details/site-reliability-engineer-intern-asia/,Site Reliability Engineer -Intern (Asia),INTERN
True,False,Citadel,True,29436,"Fri, 03 Nov 2023 17:06:16 GMT",https://www.citadel.com/careers/details/software-engineer-intern-asia-2/,Software Engineer – Intern (Asia),INTERN
True,False,Citadel,True,29435,"Fri, 03 Nov 2023 17:06:16 GMT",https://www.citadel.com/careers/details/quantitative-research-intern-asia/,Quantitative Research – Intern (Asia),INTERN
True,False,Binance,True,29422,"Fri, 03 Nov 2023 17:04:56 GMT",https://www.binance.com/en/careers/job?id=3d720d33-ab6b-401a-a0b3-05bf2b7270bb,Binance Accelerator Program - Big Data Engineer (Risk),INTERN
True,False,Binance,True,29421,"Fri, 03 Nov 2023 17:04:56 GMT",https://www.binance.com/en/careers/job?id=041c3570-26a4-4570-95bb-4353ef5fac87,Binance Accelerator Programme - Java Developer (Risk),INTERN
True,False,Binance,True,28864,"Fri, 03 Nov 2023 17:04:57 GMT",https://www.binance.com/en/careers/job?id=ffc5e93a-4352-480e-8a69-987a5cd7ab18,Binance Accelerator Program - QA (Risk),INTERN
True,False,Alpha Lab Capital,True,28844,"Wed, 25 Oct 2023 02:14:39 GMT",https://www.alphalab.capital/career/4969509004?gh_jid=4969509004,Business Development Intern 2024,INTERN
True,False,IBM,True,27169,"Fri, 03 Nov 2023 17:09:53 GMT",https://careers.ibm.com/job/18870938/internship-cio-network-engineering-app-development-jan-june-2024-singapore-sg/?codes=WEB_SEARCH_EMEA,Internship: CIO Network Engineering App Development (Jan - June 2024),INTERN
False,False,IBM,True,27168,"Mon, 09 Oct 2023 09:39:45 GMT",https://careers.ibm.com/job/18985338/internship-full-stack-developer-devsecops-engineers-2024-intake-singapore-sg/?codes=WEB_SEARCH_EMEA,Internship - Full Stack Developer/DevSecOps Engineers (2024 Intake),INTERN
False,False,Grasshopper,True,27153,"Mon, 18 Sep 2023 05:16:04 GMT",https://grasshopperasia.com/career/swe-intern-rust/,Software Engineering/Computer Science Intern (Rust),INTERN
True,False,TikTok,True,26973,"Fri, 03 Nov 2023 17:20:54 GMT",https://careers.tiktok.com/position/7267469780541638972/detail,Machine Learning Engineer Intern (Trust & Safety) - 2024,INTERN
True,False,Stripe,True,26964,"Fri, 03 Nov 2023 17:16:23 GMT",https://stripe.com/jobs/listing/software-engineering-intern/5318699,Software Engineering Intern,INTERN
True,False,Squarepoint Capital,True,26959,"Fri, 03 Nov 2023 17:16:10 GMT",https://www.squarepoint-capital.com/job#5311435,INTERN SOFTWARE DEVELOPER - WINTER 2024,INTERN
True,False,Squarepoint Capital,True,26958,"Fri, 03 Nov 2023 17:16:10 GMT",https://www.squarepoint-capital.com/job#243853,INTERN QUANT RESEARCHER,INTERN
True,False,ShopBack,True,26955,"Tue, 31 Oct 2023 04:27:37 GMT",https://jobs.lever.co/shopback-2/f2e65eaa-539c-4051-a014-6fc45c26e989,Software Engineering (Salesforce) Intern,INTERN
False,False,PSA,True,26947,"Mon, 25 Sep 2023 14:11:16 GMT",https://www.globalpsa.com/jobs/software-engineering-intern-middle-east-and-south-asia/,Software Engineering Intern (Middle East and South Asia),INTERN
False,False,Optiver,True,26945,"Sun, 08 Oct 2023 17:15:31 GMT",https://optiver.com/working-at-optiver/career-opportunities/6892062002/,Software Engineer Internship 2024,INTERN
True,False,Open Government Products,True,26932,"Fri, 27 Oct 2023 03:25:09 GMT",https://opengovernmentproducts.recruitee.com/o/software-engineering-intern-offcycle-between-aug-2023-and-apr-2024,Software Engineering Intern (summer; between May and Aug 2024),INTERN
False,False,JPMorgan Chase & Co.,True,26930,"Mon, 25 Sep 2023 14:08:22 GMT",https://careers.jpmorgan.com/global/en/students/programs/software-engineer-summer,Software Engineer Internship,INTERN
True,False,Jane Street,True,26919,"Fri, 03 Nov 2023 17:10:50 GMT",https://www.janestreet.com/join-jane-street/position/6903734002/,Windows Engineer (New York),INTERN
True,False,Jane Street,True,26916,"Fri, 03 Nov 2023 17:10:49 GMT",https://www.janestreet.com/join-jane-street/position/6866963002/,Production Engineer (London),INTERN
True,False,Jane Street,True,26915,"Fri, 03 Nov 2023 17:10:50 GMT",https://www.janestreet.com/join-jane-street/position/6855874002/,Production Engineer (New York),INTERN
True,False,Jane Street,True,26914,"Fri, 03 Nov 2023 17:10:50 GMT",https://www.janestreet.com/join-jane-street/position/6868980002/,Production Engineer (Hong Kong),INTERN
True,False,Jane Street,True,26913,"Fri, 03 Nov 2023 17:10:49 GMT",https://www.janestreet.com/join-jane-street/position/6905979002/,Network Engineer (New York),INTERN
True,False,Jane Street,True,26912,"Wed, 25 Oct 2023 17:09:49 GMT",https://www.janestreet.com/join-jane-street/position/6908028002/,Mechanical Engineer (New York),INTERN
True,False,Jane Street,True,26911,"Fri, 03 Nov 2023 17:10:49 GMT",https://www.janestreet.com/join-jane-street/position/6869037002/,Linux Engineer (Hong Kong),INTERN
True,False,Jane Street,True,26910,"Fri, 03 Nov 2023 17:10:48 GMT",https://www.janestreet.com/join-jane-street/position/6855938002/,Linux Engineer (New York),INTERN
True,False,Jane Street,True,26909,"Fri, 03 Nov 2023 17:10:49 GMT",https://www.janestreet.com/join-jane-street/position/6866889002/,Linux Engineer (London),INTERN
True,False,Jane Street,True,26907,"Fri, 03 Nov 2023 17:10:47 GMT",https://www.janestreet.com/join-jane-street/position/6855947002/,FPGA Engineer (New York),INTERN
True,False,Jane Street,True,26906,"Fri, 03 Nov 2023 17:10:47 GMT",https://www.janestreet.com/join-jane-street/position/6866767002/,FPGA Engineer (London),INTERN
True,False,Jane Street,True,26904,"Fri, 03 Nov 2023 17:10:47 GMT",https://www.janestreet.com/join-jane-street/position/6869122002/,IT Operations Engineer (Hong Kong),INTERN
True,False,Jane Street,True,26903,"Fri, 03 Nov 2023 17:10:47 GMT",https://www.janestreet.com/join-jane-street/position/6781186002/,Software Engineer (London),INTERN
True,False,Jane Street,True,26902,"Fri, 03 Nov 2023 17:10:46 GMT",https://www.janestreet.com/join-jane-street/position/6868891002/,Software Engineer (Hong Kong),INTERN
True,False,Jane Street,True,26901,"Mon, 30 Oct 2023 17:11:41 GMT",https://www.janestreet.com/join-jane-street/position/6834728002/,Software Engineer (New York),INTERN
True,False,Hudson River Trading,True,26899,"Fri, 03 Nov 2023 17:09:32 GMT",https://www.hudsonrivertrading.com/careers/job?_offices=Singapore&_4168241=Software+Engineering%3AC%2B%2B%2CSoftware+Engineering%3APython&_4118765=Internship&gh_jid=5324595&req_id=447,Software Engineering Internship – Summer 2024,INTERN
True,False,Goldman Sachs,True,26882,"Fri, 03 Nov 2023 17:07:47 GMT",https://www.goldmansachs.com/careers/students/programs/asia-pacific/summer-associate.html,2024 Summer Associate Program,INTERN
True,False,Goldman Sachs,True,26881,"Fri, 03 Nov 2023 17:07:47 GMT",https://www.goldmansachs.com/careers/students/programs/asia-pacific/2024-summer-analyst.html,2024 Summer Analyst Program,INTERN
True,False,Goldman Sachs,True,26880,"Fri, 03 Nov 2023 17:07:47 GMT",https://www.goldmansachs.com/careers/students/programs/asia-pacific/off-cycle-internship-program.html,Off-Cycle Internship Program,INTERN
False,False,Envision,True,26878,"Tue, 19 Sep 2023 05:40:42 GMT",https://envision-digital.com/careers/backend-software-engineer-intern/,Backend Software Engineer Intern (2024),INTERN
True,False,DRW,True,26873,"Fri, 03 Nov 2023 17:07:10 GMT",https://drw.com/work-at-drw/listings/software-developer-intern-2648496,Software Developer Intern,INTERN
True,False,DRW,True,26872,"Fri, 03 Nov 2023 17:07:10 GMT",https://drw.com/work-at-drw/listings/quantitative-trading-analyst-intern-2648511,Quantitative Trading Analyst Intern,INTERN
True,False,ByteDance,True,26861,"Fri, 03 Nov 2023 17:05:38 GMT",https://jobs.bytedance.com/en/position/7259702320441690425/detail,Data Center Design Engineer Intern - 2024 Start,INTERN
True,False,ByteDance,True,26860,"Fri, 03 Nov 2023 17:05:39 GMT",https://jobs.bytedance.com/en/position/7259704191299193143/detail,Data Center Development Intern (International Network Resources) - 2024 Start,INTERN
True,False,ByteDance,True,26859,"Fri, 03 Nov 2023 17:05:38 GMT",https://jobs.bytedance.com/en/position/7258190675387746617/detail,Infrastructure Engineer Intern (Data Systems) - 2024 Start,INTERN
True,False,Bank of America,True,26856,"Fri, 03 Nov 2023 17:04:01 GMT",https://campus.bankofamerica.com//careers/global_technology_summer_analyst_information_security__cybersecurity__2024__singapore_.html,Global Technology Summer Analyst (Information Security / Cybersecurity) - 2024 - Singapore ,INTERN
True,False,Bank of America,True,26855,"Fri, 03 Nov 2023 17:04:01 GMT",https://campus.bankofamerica.com//careers/global_technology_summer_analyst_infrastructure__2024__singapore.html,Global Technology Summer Analyst (Infrastructure) - 2024 - Singapore,INTERN
True,False,Bank of America,True,26854,"Fri, 03 Nov 2023 17:04:00 GMT",https://campus.bankofamerica.com//careers/global_technology_summer_analyst_developer__2024__singapore.html,Global Technology Summer Analyst (Developer) - 2024 - Singapore,INTERN
True,False,Bank of America,True,26853,"Fri, 03 Nov 2023 17:04:00 GMT",https://campus.bankofamerica.com//careers/global_technology_analyst__industrial_attachment_developer__2024__singapore.html,Global Technology Analyst - Industrial Attachment (Developer) - 2024 - Singapore,INTERN
False,False,Apple,True,26848,"Tue, 10 Oct 2023 03:37:03 GMT",https://jobs.apple.com/en-sg/details/200496215/2024-apple-internship-information-systems-and-technology?team=STDNT,2024 Apple Internship - Information Systems and Technology,INTERN
True,False,Apple,True,26847,"Fri, 03 Nov 2023 17:03:36 GMT",https://jobs.apple.com/en-sg/details/200497249/software-engineering-internship-apple-services-engineering?team=STDNT,"Software Engineering Internship, Apple Services Engineering",INTERN
False,False,Alpha Lab Capital,True,26135,"Mon, 25 Sep 2023 01:31:10 GMT",https://www.alphalab.capital/career/4960149004?gh_jid=4960149004,2024 Summer Intern,INTERN
False,False,Amazon,True,24375,"Thu, 21 Sep 2023 03:08:39 GMT",https://www.amazon.jobs/en/jobs/2388502/data-center-operations-intern,Data Center Operations Intern,INTERN
True,False,TikTok,True,74831,"Fri, 03 Nov 2023 17:21:16 GMT",https://careers.tiktok.com/position/7295577868863883529/detail,Junior Data Scientist - 2024 Start,FRESH_GRAD
True,False,Accenture,True,74523,"Fri, 03 Nov 2023 17:01:53 GMT",https://www.accenture.com/sg-en/careers/jobdetails?id=11704310_en&title=Software%20Developer%20Consultant,Software Developer Consultant,FRESH_GRAD
True,False,Motional,True,73279,"Fri, 03 Nov 2023 17:12:16 GMT",https://motional.com/open-positions#/5787363003,C++ Software Engineer (RVA Frontend),FRESH_GRAD
True,False,Apple,True,73157,"Wed, 01 Nov 2023 20:19:18 GMT",https://jobs.apple.com/en-sg/details/200517700/devops-software-engineer-digital-apps-and-diagnostics?team=SFTWR,"DevOps Software Engineer, Digital Apps and Diagnostics",FRESH_GRAD
True,False,Tencent,True,71950,"Fri, 03 Nov 2023 17:17:21 GMT",https://tencent.wd1.myworkdayjobs.com/Tencent_Careers/job/Singapore-CapitalSpring/Site-Reliability-Engineer--SRE-_R102190-1,Site Reliability Engineer (SRE) 102190,FRESH_GRAD
True,False,ShopBack,True,71930,"Fri, 03 Nov 2023 17:15:20 GMT",https://jobs.lever.co/shopback-2/3d953e0e-e1b4-43e4-aad8-7366e8f75cff,Software Engineer (Fresh Graduate),FRESH_GRAD
True,False,Synapxe,True,69205,"Fri, 03 Nov 2023 17:16:45 GMT",https://careers-public-healthtech-jobs.synapxe.sg/job/Assoc-Systems-Engineer-%28ITE-Work-Study-Diploma-Programme%29/19578844/,Assoc Systems Engineer (ITE Work Study Diploma Programme),FRESH_GRAD
True,False,Apple,True,67664,"Fri, 03 Nov 2023 17:03:36 GMT",https://jobs.apple.com/en-sg/details/200515261/software-engineer-big-data-solutions?team=SFTWR,"Software Engineer, Big Data Solutions",FRESH_GRAD
True,False,Alpha Lab Capital,True,67651,"Fri, 03 Nov 2023 17:02:20 GMT",https://www.alphalab.capital/career/5005382004?gh_jid=5005382004,Senior Software Engineer,FRESH_GRAD
True,False,Anacle,True,64801,"Fri, 20 Oct 2023 17:01:42 GMT",https://www.anacle.com/jobs/account-manager/,Account Manager,FRESH_GRAD
True,False,Anacle,True,64800,"Fri, 20 Oct 2023 17:01:42 GMT",https://www.anacle.com/jobs/associate-consultant/,Associate Consultant,FRESH_GRAD
True,False,Anacle,True,64799,"Fri, 20 Oct 2023 17:01:41 GMT",https://www.anacle.com/jobs/it-application-software-service-consultant/,IT Application Software Service Consultant,FRESH_GRAD
True,False,Anacle,True,64798,"Fri, 20 Oct 2023 17:01:41 GMT",https://www.anacle.com/jobs/cloud-engineer/,Cloud Engineer,FRESH_GRAD
True,False,Anacle,True,64797,"Fri, 20 Oct 2023 17:01:41 GMT",https://www.anacle.com/?post_type=awsm_job_openings&p=4248,Software Engineer (AI and Analytics),FRESH_GRAD
True,False,Anacle,True,64794,"Fri, 20 Oct 2023 17:01:41 GMT",https://www.anacle.com/jobs/business-analyst/,Business Analyst,FRESH_GRAD
True,False,Sea,True,64594,"Fri, 03 Nov 2023 17:15:06 GMT",https://career.sea.com/position/J00275455,"Engineer, Quality Assurance",FRESH_GRAD
True,False,Bigo,True,64448,"Fri, 03 Nov 2023 17:04:44 GMT",https://www.bigo.sg/jobDetail/378,Streaming Media Software Engineer,FRESH_GRAD
True,False,Bigo,True,64447,"Fri, 03 Nov 2023 17:04:44 GMT",https://www.bigo.sg/jobDetail/373,Java Engineer,FRESH_GRAD
True,False,Synapxe,True,63166,"Fri, 03 Nov 2023 17:16:44 GMT",https://careers-public-healthtech-jobs.synapxe.sg/job/Assoc-SystensNetwork-Engineer-%28Poly-Graduate-Recruitment-2024%29/19133844/,Assoc Systens/Network Engineer (Poly Graduate Recruitment 2024),FRESH_GRAD
True,False,Defence Science & Technology Agency,True,61956,"Fri, 03 Nov 2023 17:07:22 GMT",https://careersearch.dsta.gov.sg/en/job/2003737/software-developer-frontend,Software Developer (Frontend),FRESH_GRAD
True,False,Defence Science & Technology Agency,True,61955,"Fri, 03 Nov 2023 17:07:22 GMT",https://careersearch.dsta.gov.sg/en/job/2003736/software-developer-backend,Software Developer (Backend),FRESH_GRAD
True,False,Apple,True,61897,"Fri, 03 Nov 2023 17:03:36 GMT",https://jobs.apple.com/en-sg/details/200508822/software-engineer-backend?team=SFTWR,Software Engineer (Backend),FRESH_GRAD
True,False,Apple,True,59314,"Fri, 13 Oct 2023 04:56:43 GMT",https://jobs.apple.com/en-sg/details/200511068/software-engineer-supply-chain-planning-systems?team=SFTWR,Software Engineer (Supply Chain Planning Systems),FRESH_GRAD
True,False,UBS,True,58490,"Tue, 31 Oct 2023 17:19:09 GMT",https://jobs.ubs.com/TGnewUI/Search/home/HomeWithPreLoad?partnerid=25008&siteid=5131&PageType=JobDetails&jobid=284827,"Graduate Talent Program 2024, Grp Operations & Technology, Singapore",FRESH_GRAD
True,False,HoYoverse,True,54489,"Fri, 03 Nov 2023 17:09:08 GMT",https://boards.greenhouse.io/hoyoverse/jobs/4039763007,Office Security Operations - Fresh Grad,FRESH_GRAD
True,False,HoYoverse,True,54488,"Fri, 03 Nov 2023 17:09:08 GMT",https://boards.greenhouse.io/hoyoverse/jobs/4039764007,Infrastructure Security Operation - Fresh Grad,FRESH_GRAD
True,False,HoYoverse,True,54484,"Fri, 03 Nov 2023 17:09:07 GMT",https://boards.greenhouse.io/hoyoverse/jobs/4044822007,Data Analyst (Honkai: Star Rail) – Fresh Grad,FRESH_GRAD
True,False,HoYoverse,True,54483,"Fri, 03 Nov 2023 17:09:06 GMT",https://boards.greenhouse.io/hoyoverse/jobs/4045554007,Data Analyst (Genshin Impact) - Fresh Grad,FRESH_GRAD
True,False,TikTok,True,54329,"Fri, 03 Nov 2023 17:21:16 GMT",https://careers.tiktok.com/position/7132812132303161631/detail,Algorithm Engineer (Platform Governance) - 2023 Start,FRESH_GRAD
True,False,TikTok,True,54328,"Fri, 03 Nov 2023 17:21:15 GMT",https://careers.tiktok.com/position/7132808546035878158/detail,Computer Vision Research Scientist - 2023 Start,FRESH_GRAD
True,False,TikTok,True,54327,"Fri, 03 Nov 2023 17:21:15 GMT",https://careers.tiktok.com/position/7224060057225677116/detail,"Machine Learning Engineer, TikTok Search - 2023 Start",FRESH_GRAD
True,False,TikTok,True,54326,"Fri, 03 Nov 2023 17:21:07 GMT",https://careers.tiktok.com/position/7260875505363601719/detail,Research Scientist in ML Training Systems - 2024 Start,FRESH_GRAD
True,False,TikTok,True,54325,"Fri, 03 Nov 2023 17:21:10 GMT",https://careers.tiktok.com/position/7259225179309771066/detail,Backend Engineer (Cloud Infrastructure) - 2024 Start,FRESH_GRAD
True,False,TikTok,True,54324,"Fri, 03 Nov 2023 17:21:07 GMT",https://careers.tiktok.com/position/7259296617177139517/detail,Big Data Engineer (TikTok Recommendation Architecture) - 2024 Start,FRESH_GRAD
True,False,TikTok,True,54323,"Fri, 03 Nov 2023 17:21:07 GMT",https://careers.tiktok.com/position/7259295779377203512/detail,"Deep Learning Engineer, TikTok e-Commerce - 2024 Start",FRESH_GRAD
True,False,TikTok,True,54320,"Fri, 03 Nov 2023 17:21:10 GMT",https://careers.tiktok.com/position/7259400569357027643/detail,Backend Engineer (Live Streaming) - 2024 Start,FRESH_GRAD
True,False,TikTok,True,54319,"Fri, 03 Nov 2023 17:21:09 GMT",https://careers.tiktok.com/position/7261933236065208631/detail,"Backend Software Engineer, Global LIVE Service Arch - 2024 Start",FRESH_GRAD
True,False,TikTok,True,54318,"Fri, 03 Nov 2023 17:21:09 GMT",https://careers.tiktok.com/position/7260304487796214073/detail,Big Data Engineer (Data Platform) - 2024 Start,FRESH_GRAD
True,False,TikTok,True,54317,"Fri, 03 Nov 2023 17:21:07 GMT",https://careers.tiktok.com/position/7258832821866629433/detail,Big Data Engineer (Global E-Commerce) - 2024 Start,FRESH_GRAD
True,False,TikTok,True,54316,"Fri, 03 Nov 2023 17:21:08 GMT",https://careers.tiktok.com/position/7259225547179673916/detail,Product Development Engineer (Distributed Block Storage) - 2024 Start,FRESH_GRAD
True,False,TikTok,True,54314,"Fri, 03 Nov 2023 17:21:11 GMT",https://careers.tiktok.com/position/7262953359069055269/detail,"Quality Assurance Engineer, Video Arch- 2024 Start",FRESH_GRAD
True,False,TikTok,True,54310,"Fri, 03 Nov 2023 17:21:06 GMT",https://careers.tiktok.com/position/7263404802120730938/detail,Data Scientist (TikTok) - 2024 Start,FRESH_GRAD
True,False,TikTok,True,54309,"Fri, 03 Nov 2023 17:21:05 GMT",https://careers.tiktok.com/position/7281120041608710437/detail,"Site Reliability Engineer, Global E-Commerce - 2024 Start",FRESH_GRAD
True,False,TikTok,True,54308,"Fri, 03 Nov 2023 17:21:13 GMT",https://careers.tiktok.com/position/7259972556693358903/detail,"Site Reliability Engineer, TikTok Applied Machine Learning - 2024 Start",FRESH_GRAD
True,False,TikTok,True,54307,"Fri, 03 Nov 2023 17:21:13 GMT",https://careers.tiktok.com/position/7259296420464118073/detail,"Machine Learning Engineer (Recommendation), TikTok e-Commerce Alliance - 2024 Start",FRESH_GRAD
True,False,TikTok,True,54306,"Fri, 03 Nov 2023 17:21:05 GMT",https://careers.tiktok.com/position/7259287019560438073/detail,"Algorithm Engineer, TikTok eCommerce (Knowledge Graph) - 2024 Start",FRESH_GRAD
True,False,TikTok,True,54305,"Fri, 03 Nov 2023 17:21:15 GMT",https://careers.tiktok.com/position/7259296938175367481/detail,Backend Engineer (TikTok Recommendation Architecture Live) - 2024 Start,FRESH_GRAD
True,False,TikTok,True,54304,"Fri, 03 Nov 2023 17:21:11 GMT",https://careers.tiktok.com/position/7259296189827877178/detail,"Machine Learning Engineer (Recommendation), TikTok e-Commerce - 2024 Start",FRESH_GRAD
True,False,TikTok,True,54303,"Fri, 03 Nov 2023 17:21:04 GMT",https://careers.tiktok.com/position/7259288869224188219/detail,"Machine Learning Engineer, TikTok eCommerce (Risk Control) - 2024 Start",FRESH_GRAD
True,False,TikTok,True,54302,"Fri, 03 Nov 2023 17:21:14 GMT",https://careers.tiktok.com/position/7259937293280381239/detail,"Backend Engineer (Machine Learning Infrastructure), AML - 2024 Start",FRESH_GRAD
True,False,TikTok,True,54299,"Fri, 03 Nov 2023 17:21:14 GMT",https://careers.tiktok.com/position/7259225902470269244/detail,"Backend Engineer, Serverless / PaaS - 2024 Start",FRESH_GRAD
True,False,TikTok,True,54297,"Fri, 03 Nov 2023 17:21:04 GMT",https://careers.tiktok.com/position/7259285986785462585/detail,Algorithm Engineer (TikTok eCommerce) - 2024 Start,FRESH_GRAD
True,False,TikTok,True,54296,"Fri, 03 Nov 2023 17:21:03 GMT",https://careers.tiktok.com/position/7259230537813690680/detail,"Machine Learning Engineer, TikTok Search - 2024 Start",FRESH_GRAD
True,False,TikTok,True,54295,"Fri, 03 Nov 2023 17:21:10 GMT",https://careers.tiktok.com/position/7259274613402044730/detail,NLP Engineer (Machine Translation) - 2024 Start,FRESH_GRAD
True,False,TikTok,True,54292,"Fri, 03 Nov 2023 17:21:10 GMT",https://careers.tiktok.com/position/7259275968186091833/detail,NLP Engineer (Machine Translation) - 2024 Start,FRESH_GRAD
True,False,TikTok,True,54290,"Fri, 03 Nov 2023 17:21:13 GMT",https://careers.tiktok.com/position/7259229583412332859/detail,Computer Vision Research Scientist - 2024 Start,FRESH_GRAD
True,False,TikTok,True,54289,"Fri, 03 Nov 2023 17:21:05 GMT",https://careers.tiktok.com/position/7261800934349637945/detail,"Backend Engineer (Machine Learning Systems), Architecture - 2024 Start",FRESH_GRAD
True,False,TikTok,True,54287,"Fri, 03 Nov 2023 17:21:15 GMT",https://careers.tiktok.com/position/7260872581359044901/detail,"Backend Engineer (Machine Learning Systems), Inference Service - 2024 Start",FRESH_GRAD
True,False,TikTok,True,54286,"Fri, 03 Nov 2023 17:21:06 GMT",https://careers.tiktok.com/position/7259285008115648824/detail,NLP Engineer (Machine Translation) - 2024 Start,FRESH_GRAD
True,False,TikTok,True,54285,"Fri, 03 Nov 2023 17:21:12 GMT",https://careers.tiktok.com/position/7258827000516446521/detail,Client Engineer (Real Time Communication) - 2024 Start,FRESH_GRAD
True,False,TikTok,True,54284,"Fri, 03 Nov 2023 17:21:13 GMT",https://careers.tiktok.com/position/7259297723001506085/detail,Algorithm Engineer (AML-Engine-Dedup) - 2024 Start,FRESH_GRAD
True,False,TikTok,True,54283,"Fri, 03 Nov 2023 17:21:08 GMT",https://careers.tiktok.com/position/7258834575173339450/detail,Big Data Engineer (Global Live) - 2024 Start,FRESH_GRAD
True,False,TikTok,True,54281,"Fri, 03 Nov 2023 17:21:11 GMT",https://careers.tiktok.com/position/7262265904036923685/detail,Machine Learning Engineer (Content Safety) - 2024 Start,FRESH_GRAD
True,False,TikTok,True,54280,"Mon, 30 Oct 2023 04:25:53 GMT",https://careers.tiktok.com/position/7263403949817940284/detail,Machine Learning Engineer (TikTok) - 2024 Start,FRESH_GRAD
True,False,TikTok,True,54279,"Fri, 03 Nov 2023 17:21:05 GMT",https://careers.tiktok.com/position/7259396481654786365/detail,Big Data Engineer (Video Infrastructure) - 2024 Start,FRESH_GRAD
True,False,TikTok,True,54278,"Fri, 03 Nov 2023 17:21:14 GMT",https://careers.tiktok.com/position/7262174698803759420/detail,"Backend Engineer, Risk System - 2024 Start",FRESH_GRAD
True,False,TikTok,True,54277,"Fri, 03 Nov 2023 17:21:12 GMT",https://careers.tiktok.com/position/7259397787624196413/detail,"Software Engineer in Test, Video Infrastructure - 2024 Start",FRESH_GRAD
True,False,TikTok,True,54275,"Fri, 03 Nov 2023 17:21:05 GMT",https://careers.tiktok.com/position/7285766189116606781/detail,"Research Engineer (Computer Vision), Intelligent Creation - 2024 Start",FRESH_GRAD
True,False,Tencent,True,54230,"Fri, 03 Nov 2023 17:17:22 GMT",https://tencent.wd1.myworkdayjobs.com/Tencent_Careers/job/Singapore-WeWork/Tencent-Cloud-IaaS-Associate-Site-Reliability-Engineer_R101744,Tencent Cloud IaaS Associate Site Reliability Engineer 101744,FRESH_GRAD
True,False,Tencent,True,54228,"Fri, 03 Nov 2023 17:17:21 GMT",https://tencent.wd1.myworkdayjobs.com/Tencent_Careers/job/Singapore-CapitalSpring/Operations---Development-Engineer_R101736,Operations & Development Engineer 101736,FRESH_GRAD
True,False,Tencent,True,54227,"Fri, 03 Nov 2023 17:17:22 GMT",https://tencent.wd1.myworkdayjobs.com/Tencent_Careers/job/Singapore-CapitalSpring/Software-Development-Engineer-in-Test_R101737,Software Development Engineer in Test 101737,FRESH_GRAD
True,False,Synapxe,True,54223,"Fri, 03 Nov 2023 17:16:44 GMT",https://careers-public-healthtech-jobs.synapxe.sg/job/Cybersecurity-Analyst-%28HealthTech-Associate-Programme%29/17344144/,Cybersecurity Analyst (HealthTech Associate Programme),FRESH_GRAD
True,False,Synapxe,True,54222,"Fri, 03 Nov 2023 17:16:45 GMT",https://careers-public-healthtech-jobs.synapxe.sg/job/Systems-Engineer-%28HealthTech-Associate-Programme%29/17344044/,Systems Engineer (HealthTech Associate Programme),FRESH_GRAD
True,False,Synapxe,True,54221,"Wed, 18 Oct 2023 06:56:59 GMT",https://careers-public-healthtech-jobs.synapxe.sg/job/Poly-Graduate-Recruitment-2024-Assoc-SystensNetwork-Engineer/19133844/,Poly Graduate Recruitment 2024 - Assoc Systens/Network Engineer,FRESH_GRAD
True,False,Singapore Airlines,True,54211,"Mon, 23 Oct 2023 05:07:40 GMT",https://singaporeairlines.csod.com/ats/careersite/JobDetails.aspx?id=1303&site=1,Information Technology – Mobile Applications Developer (iOS),FRESH_GRAD
True,False,Singapore Airlines,True,54210,"Mon, 23 Oct 2023 05:07:39 GMT",https://singaporeairlines.csod.com/ats/careersite/JobDetails.aspx?id=1246&site=1,Information Technology - Mobile Applications Developer (Android),FRESH_GRAD
True,False,Singapore Airlines,True,54209,"Mon, 23 Oct 2023 05:07:39 GMT",https://singaporeairlines.csod.com/ats/careersite/JobDetails.aspx?id=1881&site=1,Information Technology - Database Engineer,FRESH_GRAD
True,False,Shopee,True,54207,"Fri, 03 Nov 2023 17:15:42 GMT",https://careers.shopee.sg/job-detail/J00253519/1?channel=10001,Monitoring Engineer - Engineering Infra,FRESH_GRAD
True,False,Sea,True,54204,"Fri, 03 Nov 2023 17:15:07 GMT",https://career.sea.com/position/J00232378,IT Helpdesk Engineer (IT Support),FRESH_GRAD
True,False,Sea,True,54200,"Fri, 03 Nov 2023 17:15:06 GMT",https://career.sea.com/position/J00264568,"Network Operations Engineer, (Corp IT)",FRESH_GRAD
True,False,Sea,True,54199,"Fri, 03 Nov 2023 17:15:06 GMT",https://career.sea.com/position/J00240086,"Data Center Engineer, Infrastructure",FRESH_GRAD
True,False,SAP,True,54197,"Fri, 03 Nov 2023 17:14:32 GMT",https://jobs.sap.com/job/Singapore-Associate-AI-Scientist-Artificial-Intelligence%2CSAP-Labs-Singapore-117440/972610201/,"Associate AI Scientist - Artificial Intelligence,SAP Labs Singapore",FRESH_GRAD
True,False,SAP,True,54196,"Fri, 03 Nov 2023 17:14:32 GMT",https://jobs.sap.com/job/Singapore-Quality-Associate-Artificial-Intelligence%2C-SAP-Labs-Singapore-117440/972738701/,"Quality Associate - Artificial Intelligence, SAP Labs Singapore",FRESH_GRAD
True,False,SAP,True,54195,"Fri, 03 Nov 2023 17:14:31 GMT",https://jobs.sap.com/job/Singapore-Associate-AI-Developer-%28Backend%29-Artificial-Intelligence%2C-SAP-Labs-Singapore-117440/952902601/,"Associate AI Developer (Backend) - Artificial Intelligence, SAP Labs Singapore",FRESH_GRAD
True,False,SAP,True,54194,"Fri, 03 Nov 2023 17:14:32 GMT",https://jobs.sap.com/job/Singapore-Associate-Frontend-Developer-Artificial-Intelligence%2C-SAP-Labs-Singapore-117440/952902701/,"Associate Frontend Developer - Artificial Intelligence, SAP Labs Singapore",FRESH_GRAD
True,False,SAP,True,54193,"Fri, 03 Nov 2023 17:14:31 GMT",https://jobs.sap.com/job/Singapore-Associate-AI-Data-Engineer-Artificial-Intelligence%2C-SAP-Labs-Singapore-117440/968375301/,"Associate AI Data Engineer - Artificial Intelligence, SAP Labs Singapore",FRESH_GRAD
True,False,Padlet,True,54190,"Fri, 03 Nov 2023 17:13:50 GMT",https://jobs.ashbyhq.com/padlet/8db03f4d-61ca-4dad-9db0-a71120df5e45,Software Engineer – Mobile,FRESH_GRAD
True,False,Padlet,True,54187,"Fri, 03 Nov 2023 17:13:49 GMT",https://jobs.ashbyhq.com/padlet/b7035a89-f20b-444b-b830-a2e52a1f35a5,Software Engineer – Backend,FRESH_GRAD
True,False,OKX,True,54183,"Fri, 03 Nov 2023 17:13:18 GMT",https://boards.greenhouse.io/okx/jobs/5737262003,Graduate Hire 2023/24 - SRE/Security Engineer,FRESH_GRAD
True,False,OKX,True,54181,"Fri, 03 Nov 2023 17:13:17 GMT",https://boards.greenhouse.io/okx/jobs/5738301003,Graduate Hire 2023/24 - Blockchain Engineer,FRESH_GRAD
True,False,Nektar,True,54179,"Fri, 03 Nov 2023 17:12:53 GMT",https://nektar.freshteam.com/jobs/BXLFiuJQLuPg/software-development-engineer-backend-remote,Software Development Engineer - Backend (Remote),FRESH_GRAD
False,False,Amazon,True,53150,"Tue, 10 Oct 2023 01:59:08 GMT",https://www.amazon.jobs/en/jobs/2463053/associate-solutions-architect-wwso-specialist-acceleration-lab,"Associate Solutions Architect , WWSO - Specialist Acceleration Lab",FRESH_GRAD
True,False,Apple,True,52940,"Mon, 16 Oct 2023 17:03:44 GMT",https://jobs.apple.com/en-sg/details/200508822/software-engineer?team=SFTWR,Software Engineer,FRESH_GRAD
True,False,IBM,True,52802,"Fri, 03 Nov 2023 17:09:53 GMT",https://careers.ibm.com/job/19219035/associate-data-engineer-graduate-programme-singapore-sg/?codes=WEB_SEARCH_EMEA,Associate Data Engineer (Graduate Programme),FRESH_GRAD
False,False,Grab,True,52793,"Sun, 08 Oct 2023 17:08:22 GMT",https://grab.careers/jobs/job-details?id=c0c0b84266bf100189b005e0442a0002,"Backend Engineer, Machine Learning",FRESH_GRAD
True,False,Jane Street,True,50497,"Fri, 03 Nov 2023 17:10:51 GMT",https://www.janestreet.com/join-jane-street/position/6860671002/,Software Engineer (New York),FRESH_GRAD
True,False,Accenture,True,49906,"Fri, 03 Nov 2023 17:01:53 GMT",https://www.accenture.com/sg-en/careers/jobdetails?id=11575364_en&title=IoT%20AWS%20Developer,IoT AWS Developer,FRESH_GRAD
True,False,Anacle,True,48865,"Fri, 03 Nov 2023 17:02:43 GMT",https://www.anacle.com/jobs/software-engineer-qa-lead/,Software Engineer (QA Lead),FRESH_GRAD
True,False,Motional,True,48788,"Fri, 03 Nov 2023 17:12:15 GMT",https://motional.com/open-positions#/5751660003,Associate Technical Fleet Operations Engineer,FRESH_GRAD
True,False,Illumina,True,46977,"Fri, 03 Nov 2023 17:10:34 GMT",https://illumina.wd1.myworkdayjobs.com/en-US/illumina-careers/job/Singapore---Woodlands---NorthCoast/Software-Test-Engineer_36174-JOB?locationCountry=80938777cac5440fab50d729f9634969&jobFamilyGroup=662dc3b84e394f76a0fa663a3b349ff1,Software Test Engineer,FRESH_GRAD
True,False,Illumina,True,46976,"Fri, 03 Nov 2023 17:10:33 GMT",https://illumina.wd1.myworkdayjobs.com/en-US/illumina-careers/job/Singapore---Woodlands---NorthCoast/Software-Engineer_36550-JOB?locationCountry=80938777cac5440fab50d729f9634969&jobFamilyGroup=662dc3b84e394f76a0fa663a3b349ff1,Software Engineer,FRESH_GRAD
True,False,Illumina,True,46975,"Fri, 03 Nov 2023 17:10:33 GMT",https://illumina.wd1.myworkdayjobs.com/en-US/illumina-careers/job/Singapore---Woodlands---NorthCoast/Software-Engineer--Instruments-_36179-JOB?locationCountry=80938777cac5440fab50d729f9634969&jobFamilyGroup=662dc3b84e394f76a0fa663a3b349ff1,Software Engineer (Instruments),FRESH_GRAD
True,False,Cognizant,True,46919,"Tue, 17 Oct 2023 06:30:25 GMT",https://careers.cognizant.com/studentandinterns/sg/en/job/41219/Graduate-Analyst-2023,Graduate Analyst (2023),FRESH_GRAD
True,False,Cognizant,True,46918,"Fri, 03 Nov 2023 17:06:49 GMT",https://careers.cognizant.com/studentandinterns/sg/en/job/42840/Graduate-Analyst-2024,Graduate Analyst (2024),FRESH_GRAD
True,False,Motional,True,46801,"Fri, 03 Nov 2023 17:12:15 GMT",https://motional.com/open-positions#/5715096003,"Associate Triage Engineer, AV Performance Analysis",FRESH_GRAD
True,False,OCBC,True,46718,"Fri, 03 Nov 2023 17:06:57 GMT",https://www.ocbc.com/group/careers/students/programmes/graduate-talent-programme.page,OCBC Graduate Talent Programme,FRESH_GRAD
True,False,Centre for Strategic Infocomm Technologies,True,46625,"Fri, 03 Nov 2023 17:01:29 GMT",https://jobs.lever.co/csit/a52048bb-2e11-4e4a-8c99-f3ea54859b3b,Cybersecurity Penetration Test Specialist,FRESH_GRAD
False,False,Grab,True,42565,"Thu, 28 Sep 2023 17:08:11 GMT",https://grab.careers/jobs/job-details?id=b838b3d2e67c10018878b5157a9a0002,"Backend Engineer, Machine Learning",FRESH_GRAD
True,False,Ant Group,True,40542,"Fri, 03 Nov 2023 17:03:24 GMT",https://talent.antgroup.com/campus-position?positionId=23090500366761,Cyber Security Engineer(Singapore),FRESH_GRAD
True,False,Bigo,True,39381,"Thu, 19 Oct 2023 17:04:44 GMT",https://www.bigo.sg/jobDetail/368,Android Developer,FRESH_GRAD
True,False,Bigo,True,39380,"Wed, 25 Oct 2023 02:17:26 GMT",https://www.bigo.sg/jobDetail/367,Java Engineer,FRESH_GRAD
True,False,Titansoft,True,38885,"Fri, 03 Nov 2023 17:21:29 GMT",https://titansoft.com/en/career/39,Software Developer,FRESH_GRAD
True,False,Tesla,True,38776,"Fri, 03 Nov 2023 17:17:44 GMT",https://www.tesla.com/en_SG/careers/search/job/data-engineer-208942,Data Engineer,FRESH_GRAD
True,False,Tesla,True,38775,"Fri, 03 Nov 2023 17:17:44 GMT",https://www.tesla.com/en_SG/careers/search/job/full-stack-software-engineer-208939,Full-Stack Software Engineer,FRESH_GRAD
True,False,Padlet,False,38742,"Fri, 03 Nov 2023 17:13:49 GMT",https://jobs.ashbyhq.com/padlet/eb909049-fbc3-4510-9b55-c02b97bbf4f7,Software Engineer – Fullstack,FRESH_GRAD
True,False,Padlet,False,38741,"Fri, 03 Nov 2023 17:13:49 GMT",https://jobs.ashbyhq.com/padlet/23b3f63b-fa7b-46ca-a2ee-db374ca63b9b,Software Engineer – Frontend,FRESH_GRAD
True,False,Dell,True,38629,"Fri, 03 Nov 2023 17:06:59 GMT",https://jobs.dell.com/job/singapore/devops-engineer-sg-edge-fresh-graduate-2024-intake/375/53328449488,DevOps Engineer (SG-Edge) (Fresh Graduate) (2024 Intake),FRESH_GRAD
True,False,Dell,True,38628,"Fri, 03 Nov 2023 17:06:58 GMT",https://jobs.dell.com/job/singapore/software-engineer-fresh-graduate-2024-intake/375/53058795200,Software Engineer (Fresh Graduate)(2024 Intake),FRESH_GRAD
True,False,Ahrefs,True,38558,"Fri, 03 Nov 2023 17:02:07 GMT",https://ahrefs.com/jobs/reasonml-developer,ReasonML Developer,FRESH_GRAD
True,False,Ahrefs,True,38557,"Fri, 03 Nov 2023 17:02:07 GMT",https://ahrefs.com/jobs/ai-engineer,AI Engineer,FRESH_GRAD
True,False,Ahrefs,True,38555,"Fri, 03 Nov 2023 17:02:07 GMT",https://ahrefs.com/jobs/d-c++-developer,D/C++ Developer,FRESH_GRAD
True,False,Ahrefs,True,38554,"Fri, 03 Nov 2023 17:02:06 GMT",https://ahrefs.com/jobs/ocaml-developer,OCaml Developer,FRESH_GRAD
True,False,ByteDance,True,35467,"Thu, 26 Oct 2023 03:06:44 GMT",https://jobs.bytedance.com/en/position/7277756700543142205/detail,Assistant Project Manager Intern (Data Center Development) - 2024 Start,FRESH_GRAD
True,False,Accenture,True,35422,"Fri, 03 Nov 2023 17:01:55 GMT",https://www.accenture.com/sg-en/careers/jobdetails?id=R00065422_en&title=System%20Analyst,System Analyst,FRESH_GRAD
True,False,Accenture,True,35421,"Fri, 03 Nov 2023 17:01:55 GMT",https://www.accenture.com/sg-en/careers/jobdetails?id=R00056409_en&title=.Net%20Developer,.Net Developer,FRESH_GRAD
True,False,Accenture,True,35420,"Fri, 03 Nov 2023 17:01:55 GMT",https://www.accenture.com/sg-en/careers/jobdetails?id=R00118122_en&title=Dashboard%20Reporting%20Engineer,Dashboard Reporting Engineer,FRESH_GRAD
True,False,Accenture,True,35419,"Fri, 03 Nov 2023 17:01:55 GMT",https://www.accenture.com/sg-en/careers/jobdetails?id=R00120633_en&title=Technology%20Architect%20Analyst,Technology Architect Analyst,FRESH_GRAD
True,False,Accenture,True,35418,"Fri, 03 Nov 2023 17:01:54 GMT",https://www.accenture.com/sg-en/careers/jobdetails?id=R00049284_en&title=Full%20Stack%20Developer,Full Stack Developer,FRESH_GRAD
True,False,Accenture,True,35417,"Fri, 03 Nov 2023 17:01:54 GMT",https://www.accenture.com/sg-en/careers/jobdetails?id=R00122058_en&title=Cloud%20Engineer,Cloud Engineer,FRESH_GRAD
True,False,Accenture,True,35416,"Fri, 03 Nov 2023 17:01:54 GMT",https://www.accenture.com/sg-en/careers/jobdetails?id=R00135384_en&title=TA%20Engineer,TA Engineer,FRESH_GRAD
True,False,Accenture,True,35415,"Fri, 03 Nov 2023 17:01:54 GMT",https://www.accenture.com/sg-en/careers/jobdetails?id=R00135381_en&title=Cloud%20Migration%20Engineer%20(Pega),Cloud Migration Engineer (Pega),FRESH_GRAD
True,False,Accenture,True,35414,"Fri, 03 Nov 2023 17:01:54 GMT",https://www.accenture.com/sg-en/careers/jobdetails?id=R00135379_en&title=Cloud%20Migration%20Engineer%20(DWH%20%2F%20Reporting%20%2F%20GIS),Cloud Migration Engineer (DWH / Reporting / GIS),FRESH_GRAD
True,False,Accenture,True,35413,"Fri, 03 Nov 2023 17:01:53 GMT",https://www.accenture.com/sg-en/careers/jobdetails?id=R00157021_en&title=Software%20Engineering%20New%20Associate%20(Fresh%20Diploma%20Graduate%20Program),Software Engineering New Associate (Fresh Diploma Graduate Program),FRESH_GRAD
True,False,ShopBack,True,34103,"Fri, 03 Nov 2023 17:15:20 GMT",https://jobs.lever.co/shopback-2/1e7666ff-5bc1-43e1-ac0a-fd9b3acab850,Software Engineer (Salesforce),FRESH_GRAD
True,False,Grasshopper,True,34008,"Fri, 03 Nov 2023 17:08:43 GMT",https://grasshopperasia.com/career/production-support-engineer-sg/,Production Support Engineer [SG],FRESH_GRAD
False,False,Amazon,True,33919,"Tue, 03 Oct 2023 21:25:15 GMT",https://www.amazon.jobs/en/jobs/2420330/software-development-engineer-aws-global-demand-and-solution-center-gdsc,"Software Development Engineer, AWS Global Demand and Solution Center (GDSC)",FRESH_GRAD
True,False,Defence Science & Technology Agency,False,33248,"Sun, 15 Oct 2023 05:57:45 GMT",https://careersearch.dsta.gov.sg/en/job/2003671/software-developer-frontend,Software Developer (Frontend),FRESH_GRAD
True,False,Defence Science & Technology Agency,False,33247,"Sun, 15 Oct 2023 05:57:45 GMT",https://careersearch.dsta.gov.sg/en/job/2003670/software-developer-backend,Software Developer (Backend),FRESH_GRAD
True,False,Apple,True,33190,"Fri, 03 Nov 2023 17:03:37 GMT",https://jobs.apple.com/en-sg/details/200365923/software-engineer-search-language-processing-apple-media-products?team=SFTWR,"Software Engineer - Search Language Processing, Apple Media Products",FRESH_GRAD
True,False,Synapxe,True,32624,"Fri, 03 Nov 2023 17:16:45 GMT",https://careers-public-healthtech-jobs.synapxe.sg/job/Software-Engineer-%28HealthTech-Associate-Programme%29/17343844/,Software Engineer (HealthTech Associate Programme),FRESH_GRAD
True,False,Civil Aviation Authority of Singapore,True,32491,"Fri, 03 Nov 2023 17:06:58 GMT",https://form.gov.sg/6465a57ea19113001129cb11,Software Engineer,FRESH_GRAD
True,False,Civil Aviation Authority of Singapore,True,32490,"Fri, 03 Nov 2023 17:06:58 GMT",https://www.careers.hrp.gov.sg/sap/bc/ui5_ui5/sap/ZGERCFA004/index.html#/JobDescription/11515017/005056a3-53e2-1edd-9df3-c845d73db1a2,Software Engineer (Air Traffic Management Software Engineering) - Post 1,FRESH_GRAD
True,False,Internal Security Department,True,32487,"Fri, 03 Nov 2023 17:06:58 GMT",https://form.gov.sg/6131d8f25bc3cc0012692396,Cyber and Technology Officers,FRESH_GRAD
False,False,Google,True,31712,"Wed, 20 Sep 2023 18:49:47 GMT",https://www.google.com/about/careers/applications/jobs/results/139432069181645510-software-engineer-backend?q=software+engineer&location=singapore&target_level=EARLY,"Software Engineer, Backend",FRESH_GRAD
False,False,Google,True,31711,"Mon, 18 Sep 2023 05:15:30 GMT",https://www.google.com/about/careers/applications/jobs/results/132353970325594822-software-engineer-machine-learning?q=software+engineer&location=singapore&target_level=EARLY,"Software Engineer, Machine Learning",FRESH_GRAD
True,False,Centre for Strategic Infocomm Technologies,False,31043,"Fri, 03 Nov 2023 17:01:31 GMT",https://jobs.lever.co/csit/f85e54c5-27ae-4801-a383-a28e569ad76c,Optical Communications Engineer,FRESH_GRAD
False,False,Centre for Strategic Infocomm Technologies,False,31040,"Thu, 05 Oct 2023 17:01:11 GMT",https://jobs.lever.co/csit/9741a9c2-ce5e-460f-8af1-54feb53184d6,Software Engineer (Digital Dissemination and e-Reading Platform I),FRESH_GRAD
True,False,Centre for Strategic Infocomm Technologies,False,31039,"Fri, 03 Nov 2023 17:01:30 GMT",https://jobs.lever.co/csit/3dac7124-6a96-40d0-b08a-65a188acc357,OSINT Technologist,FRESH_GRAD
False,False,Centre for Strategic Infocomm Technologies,False,31037,"Wed, 20 Sep 2023 06:05:57 GMT",https://jobs.lever.co/csit/cfc5e5d2-bd98-4b67-917d-dde75658b8de,Software Engineer (Infrastructure),FRESH_GRAD
True,False,Centre for Strategic Infocomm Technologies,False,31036,"Fri, 03 Nov 2023 17:01:30 GMT",https://jobs.lever.co/csit/da2a15f6-9d4c-4376-b118-5ee9517f9529,Data Engineer (Architecting & Data Systems),FRESH_GRAD
True,False,Centre for Strategic Infocomm Technologies,False,31035,"Fri, 03 Nov 2023 17:01:30 GMT",https://jobs.lever.co/csit/7ca6f80b-02f9-45d1-9eae-a1f06d83d35a,Cyber Security Vulnerability Researcher (Mobile),FRESH_GRAD
True,False,Centre for Strategic Infocomm Technologies,False,31034,"Fri, 03 Nov 2023 17:01:30 GMT",https://jobs.lever.co/csit/0ec77a16-a18d-44d7-891f-7960cc0ccf6d,Cyber Security Vulnerability Researcher (Cloud/IM Services),FRESH_GRAD
True,False,Centre for Strategic Infocomm Technologies,False,31033,"Fri, 03 Nov 2023 17:01:29 GMT",https://jobs.lever.co/csit/5ddb730b-e6b4-4eea-aae6-bcd867dce781,Cyber Security Vulnerability Researcher (Cloud Platform),FRESH_GRAD
True,False,Centre for Strategic Infocomm Technologies,False,31032,"Fri, 03 Nov 2023 17:01:29 GMT",https://jobs.lever.co/csit/acfe22ac-4cda-4572-9f3e-f3fd0267501a,Technology Exploration Specialist,FRESH_GRAD
True,False,Centre for Strategic Infocomm Technologies,False,31031,"Fri, 03 Nov 2023 17:01:29 GMT",https://jobs.lever.co/csit/85e1a508-e0ab-4c59-b11c-4cf468efab0b,Cyber Security Researcher (Mobile),FRESH_GRAD
True,False,Centre for Strategic Infocomm Technologies,False,31030,"Fri, 03 Nov 2023 17:01:28 GMT",https://jobs.lever.co/csit/7223f41a-1e27-443b-a75c-89da77da0f03,Cyber Security Software Engineer (Windows),FRESH_GRAD
True,False,Centre for Strategic Infocomm Technologies,False,31029,"Fri, 03 Nov 2023 17:01:28 GMT",https://jobs.lever.co/csit/a17466b2-1acb-4b1a-8f32-4c2559937114,Cyber Security Software Engineer (Network Devices),FRESH_GRAD
True,False,Centre for Strategic Infocomm Technologies,False,31028,"Fri, 03 Nov 2023 17:01:28 GMT",https://jobs.lever.co/csit/5a63f5e4-b577-422e-83d7-e1262afbd8ea,Cyber Security Software Engineer (Mobile),FRESH_GRAD
True,False,Centre for Strategic Infocomm Technologies,False,31027,"Fri, 03 Nov 2023 17:01:28 GMT",https://jobs.lever.co/csit/0db1ef64-9585-4c41-a701-47d18eba1bd2,Cyber Security Software Engineer (Linux),FRESH_GRAD
True,False,Centre for Strategic Infocomm Technologies,False,31026,"Fri, 03 Nov 2023 17:01:27 GMT",https://jobs.lever.co/csit/193d5fa3-2943-44db-bd04-913f0f9be3fd,Cyber Security Software Engineer,FRESH_GRAD
True,False,Centre for Strategic Infocomm Technologies,False,31025,"Fri, 03 Nov 2023 17:01:27 GMT",https://jobs.lever.co/csit/4bec1696-fd3d-43a9-94e3-19e0c8a6dcf8,Data Centre Engineer,FRESH_GRAD
True,False,Centre for Strategic Infocomm Technologies,False,31024,"Fri, 03 Nov 2023 17:01:27 GMT",https://jobs.lever.co/csit/33ee3d07-70f2-49ef-a2c6-cf2c1a457e8a,Network Engineer,FRESH_GRAD
True,False,Centre for Strategic Infocomm Technologies,False,31023,"Fri, 03 Nov 2023 17:01:27 GMT",https://jobs.lever.co/csit/be7955c2-1cc2-4235-94b7-80f2104a43a9,Cloud Solution Architect,FRESH_GRAD
True,False,Centre for Strategic Infocomm Technologies,False,31022,"Fri, 03 Nov 2023 17:01:26 GMT",https://jobs.lever.co/csit/a5652040-bdc0-40d2-903b-e05059017a34,Cloud Infrastructure Engineer,FRESH_GRAD
True,False,Centre for Strategic Infocomm Technologies,False,31021,"Fri, 03 Nov 2023 17:01:26 GMT",https://jobs.lever.co/csit/b90b01b8-dbc4-4f99-91a4-8bac9a69de74,Cloud Engineer,FRESH_GRAD
True,False,Centre for Strategic Infocomm Technologies,False,31020,"Fri, 03 Nov 2023 17:01:26 GMT",https://jobs.lever.co/csit/9ee0f777-bae1-46bd-9b98-6c8e41fd68d5,Data Analysis Engineer,FRESH_GRAD
True,False,Bigo,True,30674,"Wed, 25 Oct 2023 02:17:26 GMT",https://www.bigo.sg/jobDetail/337,Java Engineer,FRESH_GRAD
True,False,Bigo,True,30673,"Wed, 25 Oct 2023 02:17:26 GMT",https://www.bigo.sg/jobDetail/304,C++ Engineer,FRESH_GRAD
True,False,Bigo,True,30672,"Wed, 25 Oct 2023 02:17:25 GMT",https://www.bigo.sg/jobDetail/302,Java Engineer,FRESH_GRAD
True,False,Bigo,True,30671,"Thu, 19 Oct 2023 17:04:43 GMT",https://www.bigo.sg/jobDetail/365,Graphics and Image Algorithm Engineer,FRESH_GRAD
True,False,Anacle,True,30634,"Fri, 03 Nov 2023 17:02:44 GMT",https://www.anacle.com/jobs/software-engineer-full-stack-web/,Software Engineer (Full Stack Web),FRESH_GRAD
True,False,Anacle,True,30632,"Fri, 03 Nov 2023 17:02:44 GMT",https://www.anacle.com/jobs/software-engineer-full-stack-mobile/,Software Engineer (Full Stack Mobile),FRESH_GRAD
False,False,OKX,False,30472,"Mon, 25 Sep 2023 12:59:44 GMT",https://boards.greenhouse.io/okx/jobs/5719828003,Graduate Hire 2024 - Software Engineer,FRESH_GRAD
False,False,OKX,False,30468,"Mon, 25 Sep 2023 12:59:44 GMT",https://boards.greenhouse.io/okx/jobs/5724080003,Graduate Hire 2024 - Data Engineer,FRESH_GRAD
False,False,OKX,False,30466,"Mon, 25 Sep 2023 12:59:44 GMT",https://boards.greenhouse.io/okx/jobs/5723331003,Graduate Hire 2024 - AI Scientist/Engineer,FRESH_GRAD
True,False,OKX,False,30464,"Fri, 03 Nov 2023 17:13:18 GMT",https://boards.greenhouse.io/okx/jobs/5722497003,Graduate Hire 2023/24 - Software Engineer,FRESH_GRAD
True,False,NCS,True,30458,"Fri, 03 Nov 2023 17:12:41 GMT",https://www.ncs.co/careers/job-details/?jobId=148657,Infrastructure Engineer Nucleus,FRESH_GRAD
True,False,NCS,True,30457,"Fri, 03 Nov 2023 17:12:40 GMT",https://www.ncs.co/careers/job-details/?jobId=148582,Communications Engineer Nucleus,FRESH_GRAD
True,False,NCS,True,30456,"Fri, 03 Nov 2023 17:12:40 GMT",https://www.ncs.co/careers/job-details/?jobId=148655,Cyber Consultant Nucleus,FRESH_GRAD
True,False,NCS,True,30455,"Fri, 03 Nov 2023 17:12:40 GMT",https://www.ncs.co/careers/job-details/?jobId=148581,Data Consultant Nucleus,FRESH_GRAD
True,False,NCS,True,30454,"Fri, 03 Nov 2023 17:12:40 GMT",https://www.ncs.co/careers/job-details/?jobId=148580,Software Engineer Nucleus,FRESH_GRAD
False,False,Millennium,True,30449,"Sun, 08 Oct 2023 17:12:18 GMT",https://mlp.wd5.myworkdayjobs.com/en-US/mlpcareers/job/Singapore/Graduate-Talent---Corporate-Technology--Core-Data-_REQ-18819-1?locations=8ba8b1a4c86d104f041851dd26367b90&workerSubType=f47f72232874104db1781d97fe9e31f3&utm_source=&utm_medium=&utm_term=1534c96c-0a60-4737-9cb0-d1a267a0266f&utm_content=&utm_campaign=,Graduate Talent - Corporate Technology (Core Data),FRESH_GRAD
True,False,Millennium,True,30448,"Tue, 24 Oct 2023 01:57:55 GMT",https://mlp.wd5.myworkdayjobs.com/en-US/mlpcareers/job/Singapore/Graduate-Talent---Corporate-Technology_REQ-18937-1?locations=8ba8b1a4c86d104f041851dd26367b90&workerSubType=f47f72232874104db1781d97fe9e31f3&utm_source=&utm_medium=&utm_term=1534c96c-0a60-4737-9cb0-d1a267a0266f&utm_content=&utm_campaign=,Graduate Talent - Corporate Technology,FRESH_GRAD
True,False,GIC,True,30350,"Fri, 03 Nov 2023 17:06:57 GMT",https://gic.careers/programmes/gic-professionals-programme/,GIC Professionals Programme,FRESH_GRAD
True,False,Accenture,True,30302,"Fri, 03 Nov 2023 17:01:56 GMT",https://www.accenture.com/sg-en/careers/jobdetails?id=R00047655_en&title=Developer,Developer,FRESH_GRAD
False,False,Accenture,True,30297,"Sat, 16 Sep 2023 02:47:34 GMT",https://www.accenture.com/sg-en/careers/jobdetails?id=R00049284_en&title=Full+Stack+Developer,Full Stack Developer,FRESH_GRAD
True,False,Grasshopper,True,29490,"Fri, 03 Nov 2023 17:08:43 GMT",https://grasshopperasia.com/career/site-reliability-engineer-singapore-office/,Site Reliability Engineer – Singapore office,FRESH_GRAD
True,False,Citadel,True,29438,"Fri, 03 Nov 2023 17:06:17 GMT",https://www.citadel.com/careers/details/quantitative-research-full-time-asia-2/,Quantitative Research – Full Time (Asia),FRESH_GRAD
True,False,Binance,True,28195,"Fri, 03 Nov 2023 17:04:57 GMT",https://www.binance.com/en/careers/job?id=c964176d-d48a-4657-bdea-70dcc583757e,Binance Accelerator Program - Backend Engineer,FRESH_GRAD
False,False,UBS,True,27352,"Sat, 16 Sep 2023 02:47:34 GMT",https://jobs.ubs.com/TGnewUI/Search/home/HomeWithPreLoad?partnerid=25008&siteid=5012&PageType=JobDetails&jobid=282625,Support Engineer / Site Reliability Engineer,FRESH_GRAD
True,False,IBM,False,27171,"Sun, 22 Oct 2023 17:10:18 GMT",https://careers.ibm.com/job/18963748/associate-devops-engineer-singapore-sg/?codes=WEB_SEARCH_EMEA,Associate DevOps Engineer,FRESH_GRAD
True,False,IBM,False,27170,"Sun, 22 Oct 2023 17:10:17 GMT",https://careers.ibm.com/job/18963747/associate-fullstack-developer-singapore-sg/?codes=WEB_SEARCH_EMEA,Associate Fullstack Developer,FRESH_GRAD
True,False,Grasshopper,True,27157,"Fri, 03 Nov 2023 17:08:43 GMT",https://grasshopperasia.com/career/platform-linux-engineer/,Platform / Linux Engineer (SG/VN),FRESH_GRAD
True,False,Grasshopper,True,27155,"Fri, 03 Nov 2023 17:08:43 GMT",https://grasshopperasia.com/career/software-developer-c-rust-python-junior-mid-level-in-singapore/,Software Developer (C++/Rust & Python) Junior-Mid Level – in Singapore,FRESH_GRAD
True,False,Ant Group,True,27090,"Fri, 03 Nov 2023 17:03:24 GMT",https://talent.antgroup.com/campus-position?positionId=23081400340631,Software Engineer - Java (Singapore),FRESH_GRAD
True,False,Ant Group,True,27089,"Fri, 03 Nov 2023 17:03:23 GMT",https://talent.antgroup.com/campus-position?positionId=23081400343586,QA Engineer (Singapore),FRESH_GRAD
True,False,Visa,False,27082,"Mon, 30 Oct 2023 04:40:21 GMT",https://jobs.smartrecruiters.com/Visa/743999926115688-technology-new-college-graduate?trid=623f64f4-c657-499b-989f-16ab0ccee0d9,Technology New College Graduate,FRESH_GRAD
True,False,TikTok,True,27056,"Fri, 03 Nov 2023 17:21:09 GMT",https://careers.tiktok.com/position/7262541154590591287/detail,Frontend Software Engineer (Trust and Safety Platform) - 2024 Start,FRESH_GRAD
True,False,TikTok,True,27053,"Fri, 03 Nov 2023 17:21:04 GMT",https://careers.tiktok.com/position/7259296617176860989/detail,Backend Engineer (TikTok Ecommerce Recommendation Infrastructure) - 2024 Start,FRESH_GRAD
True,False,TikTok,True,27052,"Fri, 03 Nov 2023 17:21:04 GMT",https://careers.tiktok.com/position/7259394514422253883/detail,Backend Engineer (Video Infrastructure) - 2024 Start,FRESH_GRAD
False,False,TikTok,True,27050,"Tue, 10 Oct 2023 17:19:27 GMT",https://careers.tiktok.com/position/7262360674032978232/detail,"Backend Software Engineer (TikTok Live, Wallet) - 2024 start",FRESH_GRAD
True,False,TikTok,True,27048,"Fri, 03 Nov 2023 17:21:12 GMT",https://careers.tiktok.com/position/7259330650075384124/detail,Backend Engineer (Real Time Communication) - 2024 Start,FRESH_GRAD
False,False,TikTok,True,27046,"Mon, 25 Sep 2023 14:14:59 GMT",https://careers.tiktok.com/position/7261824308166740284/detail,"Backend Software Engineer, Server Arch - 2024 Start",FRESH_GRAD
True,False,TikTok,True,27044,"Fri, 03 Nov 2023 17:21:11 GMT",https://careers.tiktok.com/position/7259675669147519293/detail,"Backend Engineer, Global E-commerce (Commercial Platform) - 2024 Start",FRESH_GRAD
True,False,TikTok,True,27042,"Fri, 03 Nov 2023 17:21:08 GMT",https://careers.tiktok.com/position/7259398049624197436/detail,Backend Engineer (Video Infrastructure Platform) - 2024 Start,FRESH_GRAD
True,False,TikTok,True,27040,"Fri, 03 Nov 2023 17:21:09 GMT",https://careers.tiktok.com/position/7262252606125459767/detail,"Backend Software Engineer, Business Integrity - 2024 Start",FRESH_GRAD
True,False,TikTok,False,27039,"Fri, 03 Nov 2023 17:21:06 GMT",https://careers.tiktok.com/position/7259676157774727479/detail,"Backend Engineer, Global E-commerce (Governance and Experience) - 2024 Start",FRESH_GRAD
True,False,TikTok,True,27037,"Fri, 03 Nov 2023 17:21:12 GMT",https://careers.tiktok.com/position/7259297685348387131/detail,Backend Engineer (TikTok Recommendation Architecture) - 2024 Start,FRESH_GRAD
True,False,TikTok,True,27036,"Fri, 03 Nov 2023 17:21:14 GMT",https://careers.tiktok.com/position/7259227307894131005/detail,"Backend Engineer, Service Framework - 2024 Start",FRESH_GRAD
True,False,TikTok,True,27034,"Fri, 03 Nov 2023 17:21:08 GMT",https://careers.tiktok.com/position/7259405399072540985/detail,C++ Developer (Data Platform) - 2024 Start,FRESH_GRAD
True,False,TikTok,True,27033,"Fri, 03 Nov 2023 17:21:14 GMT",https://careers.tiktok.com/position/7259294804084705596/detail,"Backend Engineer, Codebase Platform - 2024 Start",FRESH_GRAD
True,False,TikTok,True,27028,"Fri, 03 Nov 2023 17:21:06 GMT",https://careers.tiktok.com/position/7262254013940664631/detail,"Software Engineer, Ads Measurement Signal - 2024 Start",FRESH_GRAD
True,False,Tencent,True,26968,"Fri, 03 Nov 2023 17:17:22 GMT",https://tencent.wd1.myworkdayjobs.com/Tencent_Careers/job/Singapore-WeWork/Forex-Associate-Software-Engineer_R101745,Forex Associate Software Engineer 101745,FRESH_GRAD
False,False,Stripe,True,26965,"Mon, 25 Sep 2023 14:12:42 GMT",https://stripe.com/jobs/listing/software-engineering-new-grad/5318701,"Software Engineering, New Grad",FRESH_GRAD
True,False,Squarepoint Capital,True,26963,"Fri, 03 Nov 2023 17:16:11 GMT",https://www.squarepoint-capital.com/job#4962628,JUNIOR TECHNOLOGIST,FRESH_GRAD
True,False,Squarepoint Capital,True,26962,"Fri, 03 Nov 2023 17:16:11 GMT",https://www.squarepoint-capital.com/job#4481896,JUNIOR QUANT RESEARCHER - DATA SCIENCE,FRESH_GRAD
True,False,Squarepoint Capital,True,26961,"Fri, 03 Nov 2023 17:16:11 GMT",https://www.squarepoint-capital.com/job#239376,JUNIOR QUANT RESEARCHER,FRESH_GRAD
True,False,Shopee,True,26957,"Fri, 03 Nov 2023 17:15:42 GMT",https://careers.shopee.sg/job-detail/J00253533/1?channel=10001,Business Application Site Reliability Engineer - Engineering Infra,FRESH_GRAD
True,False,Sea,True,26953,"Fri, 03 Nov 2023 17:15:07 GMT",https://career.sea.com/position/J00228808,Sea Group - Infrastructure Engineer (DC Site) 歡迎應屆畢業生,FRESH_GRAD
True,False,Sea,True,26951,"Fri, 03 Nov 2023 17:15:06 GMT",https://career.sea.com/position/J00257484,"Engineer, Web Frontend",FRESH_GRAD
False,False,Sea,True,26950,"Tue, 10 Oct 2023 17:14:38 GMT",https://career.sea.com/position/J00255963,"Engineer, Quality Assurance",FRESH_GRAD
True,False,Sea,True,26949,"Fri, 03 Nov 2023 17:15:05 GMT",https://career.sea.com/position/J00074913,Back End Engineer (ShopeePay) - Sea Labs,FRESH_GRAD
True,False,PSA,True,26948,"Sun, 15 Oct 2023 06:04:52 GMT",https://www.globalpsa.com/jobs/quality-ambassador-tester/,Quality Ambassador (Tester),FRESH_GRAD
False,False,Optiver,True,26946,"Sun, 08 Oct 2023 17:15:32 GMT",https://optiver.com/working-at-optiver/career-opportunities/6897322002/,Graduate Quantitative Trader 2024,FRESH_GRAD
False,False,Meta,True,26931,"Sun, 08 Oct 2023 17:12:06 GMT",https://www.metacareers.com/v2/jobs/281103047781988/,"Software Engineer, Product",FRESH_GRAD
True,False,Jane Street,True,26929,"Fri, 03 Nov 2023 17:10:53 GMT",https://www.janestreet.com/join-jane-street/position/6866979002/,Production Engineer (London),FRESH_GRAD
True,False,Jane Street,True,26928,"Fri, 03 Nov 2023 17:10:53 GMT",https://www.janestreet.com/join-jane-street/position/6864620002/,Production Engineer (Hong Kong),FRESH_GRAD
True,False,Jane Street,True,26927,"Fri, 03 Nov 2023 17:10:53 GMT",https://www.janestreet.com/join-jane-street/position/6835594002/,Production Engineer (New York),FRESH_GRAD
True,False,Jane Street,True,26926,"Fri, 03 Nov 2023 17:10:52 GMT",https://www.janestreet.com/join-jane-street/position/6866927002/,Linux Engineer (London),FRESH_GRAD
True,False,Jane Street,True,26925,"Fri, 03 Nov 2023 17:10:52 GMT",https://www.janestreet.com/join-jane-street/position/6855952002/,Linux Engineer (New York),FRESH_GRAD
True,False,Jane Street,True,26924,"Fri, 03 Nov 2023 17:10:52 GMT",https://www.janestreet.com/join-jane-street/position/6855956002/,FPGA Engineer (New York),FRESH_GRAD
True,False,Jane Street,True,26923,"Fri, 03 Nov 2023 17:10:52 GMT",https://www.janestreet.com/join-jane-street/position/6866845002/,FPGA Engineer (London),FRESH_GRAD
True,False,Jane Street,True,26922,"Fri, 03 Nov 2023 17:10:51 GMT",https://www.janestreet.com/join-jane-street/position/6834646002/,Software Engineer (New York),FRESH_GRAD
True,False,Jane Street,True,26921,"Fri, 03 Nov 2023 17:10:51 GMT",https://www.janestreet.com/join-jane-street/position/6561510002/,Software Engineer (London),FRESH_GRAD
True,False,Jane Street,True,26920,"Fri, 03 Nov 2023 17:10:51 GMT",https://www.janestreet.com/join-jane-street/position/6862492002/,Software Engineer (Hong Kong),FRESH_GRAD
True,False,Jane Street,True,26918,"Fri, 03 Nov 2023 17:10:53 GMT",https://www.janestreet.com/join-jane-street/position/6849345002/,"Software Engineer, Spring Off Cycle (London)",FRESH_GRAD
True,False,Hudson River Trading,True,26900,"Fri, 03 Nov 2023 17:09:32 GMT",https://www.hudsonrivertrading.com/careers/job?_offices=Singapore&_4118765=Full-Time%3A+New+Grad&_4168241=Software+Engineering%3AC%2B%2B%2CSoftware+Engineering%3APython&gh_jid=5324577&req_id=437,Software Engineer (C++/Python) – 2024 Grads,FRESH_GRAD
True,False,HoYoverse,True,26895,"Fri, 03 Nov 2023 17:09:07 GMT",https://boards.greenhouse.io/hoyoverse/jobs/4039765007,Application Security Engineer - Fresh Grad,FRESH_GRAD
True,False,HoYoverse,True,26894,"Fri, 03 Nov 2023 17:09:07 GMT",https://boards.greenhouse.io/hoyoverse/jobs/4040272007,Android Engineer - Fresh Grad,FRESH_GRAD
True,False,HoYoverse,True,26893,"Fri, 03 Nov 2023 17:09:07 GMT",https://boards.greenhouse.io/hoyoverse/jobs/4040277007,Network and Cloud Engineer - Fresh Grad,FRESH_GRAD
True,False,Goldman Sachs,True,26887,"Fri, 03 Nov 2023 17:07:48 GMT",https://www.goldmansachs.com/careers/students/programs/asia-pacific/new-associate.html,2024 New Associate Program,FRESH_GRAD
True,False,Goldman Sachs,True,26886,"Fri, 03 Nov 2023 17:07:48 GMT",https://www.goldmansachs.com/careers/students/programs/asia-pacific/new-analyst.html,2024 New Analyst Program,FRESH_GRAD
True,False,Envision,True,26879,"Fri, 13 Oct 2023 08:31:44 GMT",https://envision-digital.com/careers/software-engineer-frontend/,Software Engineer (Frontend),FRESH_GRAD
True,False,DRW,True,26875,"Fri, 03 Nov 2023 17:07:10 GMT",https://drw.com/work-at-drw/listings/software-developer-2648504,Software Developer,FRESH_GRAD
True,False,DRW,True,26874,"Fri, 03 Nov 2023 17:07:10 GMT",https://drw.com/work-at-drw/listings/graduate-quantitative-trading-analyst-2348676,Graduate Quantitative Trading Analyst,FRESH_GRAD
True,False,Citadel Securities,True,26871,"Fri, 13 Oct 2023 17:06:00 GMT",https://www.citadelsecurities.com/careers/details/quantitative-research-full-time-asia/,Quantitative Research – Full Time (Asia),FRESH_GRAD
False,False,ByteDance,True,26866,"Wed, 13 Sep 2023 17:04:09 GMT",https://jobs.bytedance.com/en/position/7132807961291229448/detail,Software Engineer (Security) - 2023 Start,FRESH_GRAD
True,False,ByteDance,True,26865,"Fri, 03 Nov 2023 17:05:39 GMT",https://jobs.bytedance.com/en/position/7259706974979524920/detail,Assistant Project Manager (Data Center Development) - 2024 Start,FRESH_GRAD
True,False,ByteDance,True,26864,"Fri, 03 Nov 2023 17:05:40 GMT",https://jobs.bytedance.com/en/position/7259709143815719226/detail,Network Engineer (Physical Network Infrastructure) - 2024 Start,FRESH_GRAD
True,False,ByteDance,True,26863,"Fri, 03 Nov 2023 17:05:39 GMT",https://jobs.bytedance.com/en/position/7259297727232657721/detail,"Machine Learning Engineer (Recommendation), BytePlus - 2024 Start",FRESH_GRAD
True,False,Autodesk,True,26852,"Sun, 15 Oct 2023 05:53:56 GMT",https://autodesk.wd1.myworkdayjobs.com/en-US/uni/job/Singapore-SGP/Software-Development-Engineer_23WD71537?locations=a1635964f60b017f097dca446301913e&locationCountry=80938777cac5440fab50d729f9634969&jobFamilyGroup=1f75c4299c9201c0f3b5f8e6fa01c5bf,Software Development Engineer,FRESH_GRAD
True,False,Autodesk,True,26851,"Mon, 16 Oct 2023 05:57:01 GMT",https://autodesk.wd1.myworkdayjobs.com/en-US/uni/job/Singapore-SGP/Software-Engineer_23WD71634?locations=a1635964f60b017f097dca446301913e&locationCountry=80938777cac5440fab50d729f9634969&jobFamilyGroup=1f75c4299c9201c0f3b5f8e6fa01c5bf,Software Development Engineer [PSET- IDL - ENG],FRESH_GRAD
True,False,Apple,True,26849,"Fri, 13 Oct 2023 04:56:42 GMT",https://jobs.apple.com/en-sg/details/200492674/software-engineer?team=SFTWR,Software Engineer,FRESH_GRAD
True,False,Alpha Lab Capital,True,26845,"Tue, 17 Oct 2023 06:25:44 GMT",https://www.alphalab.capital/career/4715966004?gh_jid=4715966004,Trade Support Engineer (Singapore),FRESH_GRAD
True,False,Alpha Lab Capital,True,26138,"Fri, 03 Nov 2023 17:02:20 GMT",https://www.alphalab.capital/career/4734196004?gh_jid=4734196004,Software Engineer (Singapore),FRESH_GRAD
True,False,Alpha Lab Capital,True,26137,"Fri, 03 Nov 2023 17:02:20 GMT",https://www.alphalab.capital/career/4718069004?gh_jid=4718069004,Quantitative Developer,FRESH_GRAD
True,False,Alpha Lab Capital,True,26136,"Fri, 03 Nov 2023 17:02:20 GMT",https://www.alphalab.capital/career/4956463004?gh_jid=4956463004,Algo Developer (Graduate / Entry Level),FRESH_GRAD
